qcheck random seed: 42
Testing `HazelTests'.
This run has ID `RKOX668M'.

  [OK]          ListUtil                                                 0   ...
  [OK]          ListUtil                                                 1   ...
  [OK]          ListUtil                                                 2   ...
  [OK]          ListUtil                                                 3   ...
  [OK]          ListUtil                                                 4   ...
  [OK]          ListUtil                                                 5   ...
  [OK]          ListUtil                                                 6   ...
  [OK]          ListUtil                                                 7   ...
  [OK]          ListUtil                                                 8   ...
  [OK]          ListUtil                                                 9   ...
  [OK]          ListUtil                                                10   ...
  [OK]          ListUtil                                                11   ...
  [OK]          ListUtil                                                12   ...
  [OK]          ListUtil                                                13   ...
  [OK]          ListUtil                                                14   ...
  [OK]          ListUtil                                                15   ...
  [OK]          ListUtil                                                16   ...
  [OK]          ListUtil                                                17   ...
  [OK]          ListUtil                                                18   ...
  [OK]          ListUtil                                                19   ...
  [OK]          ListUtil                                                20   ...
  [OK]          ListUtil                                                21   ...
  [OK]          ListUtil                                                22   ...
  [OK]          ListUtil                                                23   ...
  [OK]          ListUtil                                                24   ...
  [OK]          ListUtil                                                25   ...
  [OK]          ListUtil                                                26   ...
  [OK]          ListUtil                                                27   ...
  [OK]          ListUtil                                                28   ...
  [OK]          ListUtil                                                29   ...
  [OK]          ListUtil                                                30   ...
  [OK]          ListUtil                                                31   ...
  [OK]          ListUtil                                                32   ...
  [OK]          ListUtil                                                33   ...
  [OK]          ListUtil                                                34   ...
  [OK]          ListUtil                                                35   ...
  [OK]          ListUtil                                                36   ...
  [OK]          ListUtil                                                37   ...
  [OK]          ListUtil                                                38   ...
  [OK]          ListUtil                                                39   ...
  [OK]          ListUtil                                                40   ...
  [OK]          ListUtil                                                41   ...
  [OK]          ListUtil                                                42   ...
  [OK]          ListUtil                                                43   ...
  [OK]          ListUtil                                                44   ...
  [OK]          ListUtil                                                45   ...
  [OK]          ListUtil                                                46   ...
  [OK]          ListUtil                                                47   ...
  [OK]          ListUtil                                                48   ...
  [OK]          ListUtil                                                49   ...
  [OK]          ListUtil                                                50   ...
  [OK]          ListUtil                                                51   ...
  [OK]          ListUtil                                                52   ...
  [OK]          ListUtil                                                53   ...
  [OK]          ListUtil                                                54   ...
  [OK]          ListUtil                                                55   ...
  [OK]          ListUtil                                                56   ...
  [OK]          ListUtil                                                57   ...
  [OK]          ListUtil                                                58   ...
  [OK]          ListUtil                                                59   ...
  [OK]          ListUtil                                                60   ...
  [OK]          ListUtil                                                61   ...
  [OK]          ListUtil                                                62   ...
  [OK]          ListUtil                                                63   ...
  [OK]          ListUtil                                                64   ...
  [OK]          ListUtil                                                65   ...
  [OK]          ListUtil                                                66   ...
  [OK]          ListUtil                                                67   ...
  [OK]          ListUtil                                                68   ...
  [OK]          ListUtil                                                69   ...
  [OK]          ListUtil                                                70   ...
  [OK]          ListUtil                                                71   ...
  [OK]          ListUtil                                                72   ...
  [OK]          OptUtil                                                  0   ...
  [OK]          OptUtil                                                  1   ...
  [OK]          OptUtil                                                  2   ...
  [OK]          OptUtil                                                  3   ...
  [OK]          OptUtil                                                  4   ...
  [OK]          OptUtil                                                  5   ...
  [OK]          OptUtil                                                  6   ...
  [OK]          OptUtil                                                  7   ...
  [OK]          OptUtil                                                  8   ...
  [OK]          OptUtil                                                  9   ...
  [OK]          OptUtil                                                 10   ...
  [OK]          OptUtil                                                 11   ...
  [OK]          OptUtil                                                 12   ...
  [OK]          OptUtil                                                 13   ...
  [OK]          OptUtil                                                 14   ...
  [OK]          OptUtil                                                 15   ...
  [OK]          OptUtil                                                 16   ...
  [OK]          OptUtil                                                 17   ...
  [OK]          OptUtil                                                 18   ...
  [OK]          OptUtil                                                 19   ...
  [OK]          OptUtil                                                 20   ...
  [OK]          OptUtil                                                 21   ...
  [OK]          OptUtil                                                 22   ...
  [OK]          OptUtil                                                 23   ...
  [OK]          OptUtil                                                 24   ...
  [OK]          OptUtil                                                 25   ...
  [OK]          OptUtil                                                 26   ...
  [OK]          OptUtil                                                 27   ...
  [OK]          OptUtil                                                 28   ...
  [OK]          OptUtil                                                 29   ...
  [OK]          OptUtil                                                 30   ...
  [OK]          OptUtil                                                 31   ...
  [OK]          OptUtil                                                 32   ...
  [OK]          OptUtil                                                 33   ...
  [OK]          Atom                                                     0   ...
  [OK]          Atom                                                     1   ...
  [OK]          Atom                                                     2   ...
  [OK]          Atom                                                     3   ...
  [OK]          Atom                                                     4   ...
  [OK]          Operators                                                0   ...
  [OK]          Operators                                                1   ...
  [OK]          BuiltinsADT                                              0   ...
  [OK]          BuiltinsADT                                              1   ...
  [OK]          BuiltinsADT                                              2   ...
  [OK]          BuiltinsADT                                              3   ...
  [OK]          BuiltinsADT                                              4   ...
  [OK]          BuiltinsADT                                              5   ...
  [OK]          BuiltinsADT                                              6   ...
  [OK]          BuiltinsADT                                              7   ...
  [OK]          BuiltinsADT                                              8   ...
  [OK]          BuiltinsADT                                              9   ...
  [OK]          CsvUtil                                                  0   ...
  [OK]          CsvUtil                                                  1   ...
  [OK]          Grammar                                                  0   ...
  [OK]          Grammar                                                  1   ...
  [OK]          Grammar                                                  2   ...
  [OK]          Grammar                                                  3   ...
  [SKIP]        Grammar                                                  4   ...
  [OK]          Abbreviate                                               0   ...
  [OK]          Abbreviate                                               1   ...
  [OK]          Abbreviate                                               2   ...
  [OK]          Abbreviate                                               3   ...
  [OK]          Abbreviate                                               4   ...
  [OK]          Abbreviate                                               5   ...
  [OK]          Abbreviate                                               6   ...
  [OK]          Abbreviate                                               7   ...
  [OK]          Abbreviate                                               8   ...
  [OK]          Abbreviate                                               9   ...
  [OK]          Abbreviate                                              10   ...
  [OK]          Abbreviate                                              11   ...
  [OK]          Abbreviate                                              12   ...
  [OK]          Abbreviate                                              13   ...
  [OK]          Abbreviate                                              14   ...
  [OK]          Abbreviate                                              15   ...
  [OK]          Abbreviate                                              16   ...
  [OK]          Abbreviate                                              17   ...
  [OK]          Abbreviate                                              18   ...
  [OK]          Abbreviate                                              19   ...
  [OK]          Abbreviate                                              20   ...
  [OK]          Abbreviate                                              21   ...
  [OK]          Abbreviate                                              22   ...
  [OK]          Abbreviate                                              23   ...
  [OK]          Abbreviate                                              24   ...
  [OK]          Abbreviate                                              25   ...
  [OK]          Abbreviate                                              26   ...
  [OK]          Abbreviate                                              27   ...
  [OK]          Abbreviate                                              28   ...
  [OK]          Abbreviate                                              29   ...
  [OK]          Abbreviate                                              30   ...
  [OK]          Abbreviate                                              31   ...
  [OK]          Abbreviate                                              32   ...
  [OK]          Abbreviate                                              33   ...
  [OK]          Abbreviate                                              34   ...
  [OK]          Abbreviate                                              35   ...
  [OK]          Abbreviate                                              36   ...
  [OK]          Abbreviate                                              37   ...
  [OK]          Abbreviate                                              38   ...
  [OK]          Abbreviate                                              39   ...
  [OK]          Abbreviate                                              40   ...
  [OK]          Abbreviate                                              41   ...
  [OK]          Abbreviate                                              42   ...
  [OK]          Abbreviate                                              43   ...
  [OK]          Abbreviate                                              44   ...
  [OK]          Abbreviate                                              45   ...
  [OK]          Abbreviate                                              46   ...
  [OK]          Abbreviate                                              47   ...
  [OK]          Abbreviate                                              48   ...
  [OK]          Abbreviate                                              49   ...
  [OK]          Abbreviate                                              50   ...
  [OK]          Abbreviate                                              51   ...
  [OK]          Abbreviate                                              52   ...
  [OK]          Abbreviate                                              53   ...
  [OK]          Abbreviate                                              54   ...
  [OK]          Abbreviate                                              55   ...
  [OK]          Abbreviate                                              56   ...
  [OK]          Abbreviate                                              57   ...
  [OK]          Abbreviate                                              58   ...
  [OK]          Abbreviate                                              59   ...
  [OK]          Abbreviate                                              60   ...
  [OK]          Abbreviate                                              61   ...
  [OK]          Abbreviate                                              62   ...
  [OK]          Abbreviate                                              63   ...
  [OK]          Abbreviate                                              64   ...
  [OK]          Abbreviate                                              65   ...
  [OK]          Abbreviate                                              66   ...
  [OK]          Abbreviate                                              67   ...
  [OK]          Abbreviate                                              68   ...
  [OK]          Abbreviate                                              69   ...
  [OK]          Abbreviate                                              70   ...
  [OK]          Abbreviate                                              71   ...
  [OK]          Abbreviate                                              72   ...
  [OK]          Abbreviate                                              73   ...
  [OK]          Abbreviate                                              74   ...
  [OK]          LabeledTuple                                             0   ...
  [OK]          LabeledTuple                                             1   ...
  [OK]          LabeledTuple                                             2   ...
  [OK]          LabeledTuple                                             3   ...
  [OK]          LabeledTuple                                             4   ...
  [OK]          LabeledTuple                                             5   ...
  [OK]          LabeledTuple                                             6   ...
  [OK]          LabeledTuple                                             7   ...
  [OK]          LabeledTuple                                             8   ...
  [OK]          LabeledTuple                                             9   ...
  [OK]          LabeledTuple                                            10   ...
  [OK]          MakeTerm                                                 0   ...
  [OK]          MakeTerm                                                 1   ...
  [OK]          MakeTerm                                                 2   ...
  [OK]          MakeTerm                                                 3   ...
  [OK]          MakeTerm                                                 4   ...
  [OK]          MakeTerm                                                 5   ...
  [OK]          MakeTerm                                                 6   ...
  [OK]          MakeTerm                                                 7   ...
  [OK]          MakeTerm                                                 8   ...
  [OK]          MakeTerm                                                 9   ...
  [OK]          MakeTerm                                                10   ...
  [OK]          MakeTerm                                                11   ...
  [OK]          MakeTerm                                                12   ...
  [OK]          MakeTerm                                                13   ...
  [OK]          MakeTerm                                                14   ...
  [OK]          MakeTerm                                                15   ...
  [OK]          MakeTerm                                                16   ...
  [OK]          MakeTerm                                                17   ...
  [OK]          MakeTerm                                                18   ...
  [OK]          MakeTerm                                                19   ...
  [OK]          MakeTerm                                                20   ...
  [OK]          MakeTerm                                                21   ...
  [OK]          MakeTerm                                                22   ...
  [OK]          MakeTerm                                                23   ...
  [OK]          MakeTerm                                                24   ...
  [OK]          MakeTerm                                                25   ...
  [OK]          MakeTerm                                                26   ...
  [OK]          MakeTerm                                                27   ...
  [OK]          MakeTerm                                                28   ...
  [OK]          MakeTerm                                                29   ...
  [OK]          MakeTerm                                                30   ...
  [OK]          MakeTerm                                                31   ...
  [OK]          MakeTerm                                                32   ...
  [OK]          MakeTerm                                                33   ...
  [OK]          MakeTerm                                                34   ...
  [OK]          MakeTerm                                                35   ...
  [OK]          MakeTerm                                                36   ...
  [OK]          MakeTerm                                                37   ...
  [OK]          MakeTerm                                                38   ...
  [OK]          MakeTerm                                                39   ...
  [OK]          MakeTerm                                                40   ...
  [OK]          MakeTerm                                                41   ...
  [OK]          MakeTerm                                                42   ...
  [OK]          MakeTerm                                                43   ...
  [OK]          MenhirParser                                             0   ...
  [OK]          MenhirParser                                             1   ...
  [OK]          MenhirParser                                             2   ...
  [OK]          MenhirParser                                             3   ...
  [OK]          MenhirParser                                             4   ...
  [OK]          MenhirParser                                             5   ...
  [OK]          MenhirParser                                             6   ...
  [OK]          MenhirParser                                             7   ...
  [OK]          MenhirParser                                             8   ...
  [OK]          MenhirParser                                             9   ...
  [OK]          MenhirParser                                            10   ...
  [OK]          MenhirParser                                            11   If.
  [OK]          MenhirParser                                            12   ...
  [OK]          MenhirParser                                            13   ...
  [OK]          MenhirParser                                            14   ...
  [OK]          MenhirParser                                            15   ...
  [OK]          MenhirParser                                            16   ...
  [OK]          MenhirParser                                            17   ...
  [OK]          MenhirParser                                            18   ...
  [OK]          MenhirParser                                            19   ...
  [OK]          MenhirParser                                            20   ...
  [OK]          MenhirParser                                            21   ...
  [OK]          MenhirParser                                            22   ...
  [OK]          MenhirParser                                            23   ...
  [OK]          MenhirParser                                            24   ...
  [OK]          MenhirParser                                            25   ...
  [OK]          MenhirParser                                            26   ...
  [OK]          MenhirParser                                            27   ...
  [OK]          MenhirParser                                            28   ...
  [OK]          MenhirParser                                            29   ...
  [OK]          MenhirParser                                            30   ...
  [OK]          MenhirParser                                            31   ...
  [OK]          MenhirParser                                            32   ...
  [OK]          MenhirParser                                            33   ...
  [OK]          MenhirParser                                            34   ...
  [OK]          MenhirParser                                            35   ...
  [OK]          MenhirParser                                            36   ...
  [OK]          MenhirParser                                            37   ...
  [OK]          MenhirParser                                            38   ...
  [OK]          MenhirParser                                            39   ...
  [OK]          MenhirParser                                            40   ...
  [OK]          MenhirParser                                            41   ...
  [OK]          MenhirParser                                            42   ...
  [OK]          MenhirParser                                            43   ...
  [OK]          MenhirParser                                            44   ...
  [OK]          MenhirParser                                            45   ...
  [OK]          MenhirParser                                            46   ...
  [OK]          MenhirParser                                            47   ...
  [OK]          MenhirParser                                            48   ...
  [OK]          MenhirParser                                            49   ...
  [OK]          MenhirParser                                            50   ...
  [OK]          MenhirParser                                            51   ...
  [OK]          MenhirParser                                            52   ...
  [SKIP]        MenhirParser                                            53   ...
  [SKIP]        MenhirParser                                            54   ...
  [SKIP]        MenhirParser                                            55   ...
  [SKIP]        MenhirParser                                            56   ...
  [SKIP]        MenhirParser                                            57   ...
  [SKIP]        MenhirParser                                            58   ...
  [SKIP]        MenhirParser                                            59   ...
  [SKIP]        MenhirParser                                            60   ...
  [SKIP]        MenhirParser                                            61   ...
  [SKIP]        MenhirParser                                            62   ...
  [OK]          MenhirParser                                            63   ...
  [OK]          MenhirParser                                            64   ...
  [OK]          MenhirParser                                            65   ...
  [OK]          MenhirParser                                            66   ...
  [OK]          MenhirParser                                            67   ...
  [OK]          MenhirParser                                            68   ...
  [OK]          MenhirParser                                            69   ...
  [OK]          MenhirParser                                            70   ...
  [OK]          MenhirParser                                            71   ...
  [OK]          MenhirParser                                            72   ...
  [OK]          MenhirParser                                            73   ...
  [OK]          MenhirParser                                            74   ...
  [OK]          MenhirParser                                            75   ...
  [OK]          MenhirParser                                            76   ...
  [SKIP]        MenhirParser                                            77   ...
  [OK]          MenhirParser                                            78   ...
  [OK]          MenhirParser                                            79   ...
  [SKIP]        MenhirParser                                            80   ...
  [OK]          MenhirParser                                            81   ...
  [OK]          MenhirParser                                            82   ...
  [OK]          MenhirParser                                            83   ...
  [OK]          MenhirParser                                            84   ...
  [OK]          MenhirParser                                            85   ...
  [OK]          MenhirParser                                            86   ...
  [OK]          MenhirParser                                            87   ...
  [OK]          MenhirParser                                            88   ...
  [OK]          MenhirParser                                            89   ...
  [OK]          MenhirParser                                            90   ...
  [OK]          MenhirParser                                            91   ...
  [OK]          MenhirParser                                            92   ...
  [OK]          MenhirParser                                            93   ...
  [OK]          MenhirParser                                            94   ...
  [OK]          MenhirParser                                            95   ...
  [OK]          MenhirParser                                            96   ...
  [OK]          MenhirParser                                            97   ...
  [OK]          MenhirParser                                            98   ...
  [OK]          MenhirParser                                            99   ...
  [OK]          MenhirParser                                           100   ...
  [OK]          MenhirParser                                           101   ...
  [OK]          MenhirParser                                           102   ...
  [OK]          MenhirParser                                           103   ...
  [OK]          MenhirParser                                           104   ...
  [OK]          MenhirParser                                           105   ...
  [OK]          MenhirParser                                           106   ...
  [OK]          MenhirParser                                           107   ...
  [OK]          MenhirParser                                           108   ...
  [OK]          MenhirParser                                           109   ...
  [OK]          MenhirParser                                           110   ...
  [OK]          MenhirParser                                           111   ...
  [OK]          MenhirParser                                           112   ...
  [OK]          MenhirParser                                           113   ...
  [OK]          MenhirParser                                           114   ...
  [OK]          MenhirParser                                           115   ...
  [OK]          MenhirParser                                           116   ...
  [SKIP]        MenhirParser                                           117   ...
  [SKIP]        MenhirParser                                           118   ...
  [OK]          StringUtil                                               0   ...
  [OK]          StringUtil                                               1   ...
  [OK]          StringUtil                                               2   ...
  [OK]          StringUtil                                               3   ...
  [OK]          StringUtil                                               4   ...
  [OK]          StringUtil                                               5   ...
  [OK]          StringUtil                                               6   ...
  [OK]          StringUtil                                               7   ...
  [OK]          StringUtil                                               8   ...
  [OK]          StringUtil                                               9   ...
  [OK]          StringUtil                                              10   ...
  [OK]          StringUtil                                              11   ...
  [OK]          StringUtil                                              12   ...
  [OK]          StringUtil                                              13   ...
  [OK]          StringUtil                                              14   ...
  [OK]          StringUtil                                              15   ...
  [OK]          StringUtil                                              16   ...
  [OK]          StringUtil                                              17   ...
  [OK]          StringUtil                                              18   ...
  [OK]          StringUtil                                              19   ...
  [OK]          HazelJson.JsonADT                                        0   ...
  [OK]          HazelJson.JsonADT                                        1   ...
  [OK]          HazelJson.JsonADT                                        2   ...
  [OK]          HazelJson.JsonADT                                        3   ...
  [OK]          HazelJson.JsonADT                                        4   ...
  [OK]          HazelJson.JsonADT                                        5   ...
  [OK]          HazelJson.JsonADT                                        6   ...
  [OK]          HazelJson.JsonADT                                        7   ...
  [OK]          HazelJson.JsonADT                                        8   ...
  [OK]          HazelJson.JsonADT                                        9   ...
  [OK]          HazelJson.JsonADT                                       10   ...
  [OK]          HazelJson.JsonADT                                       11   ...
  [OK]          HazelJson.JsonADT                                       12   ...
  [OK]          HazelJson.JsonADT                                       13   ...
  [OK]          HazelJson.JsonADT                                       14   ...
  [OK]          HazelJson.JsonADT                                       15   ...
  [OK]          HazelJson.JsonADT                                       16   ...
  [OK]          HazelJson.JsonADT                                       17   ...
  [OK]          HazelJson.JsonADT                                       18   ...
  [OK]          HazelJson.JsonADT                                       19   ...
  [OK]          HazelJson.JsonADT                                       20   ...
  [OK]          HazelJson.JsonADT                                       21   ...
  [OK]          HazelJson.JsonADT                                       22   ...
  [OK]          HazelJson.JsonADT                                       23   ...
  [OK]          HazelJson.JsonADT                                       24   ...
  [OK]          HazelJson.JsonADT                                       25   ...
  [OK]          PatternMatch                                             0   ...
  [OK]          Equality                                                 0   ...
  [OK]          Equality                                                 1   ...
  [OK]          Equality                                                 2   ...
  [OK]          Equality                                                 3   ...
  [OK]          Equality                                                 4   ...
  [OK]          Equality                                                 5   ...
  [OK]          Substitution                                             0   ...
  [OK]          Substitution                                             1   ...
  [OK]          Substitution                                             2   ...
  [OK]          Substitution                                             3   ...
  [OK]          WorkerServer encodings                                   0   ...
  [OK]          WorkerServer encodings                                   1   ...
  [OK]          WorkerServer encodings                                   2   ...
  [OK]          WorkerServer encodings                                   3   ...
> [FAIL]        WhitespaceNormalization                                  0   ...
  [OK]          WhitespaceNormalization                                  1   ...
  [FAIL]        WhitespaceNormalization                                  2   ...
  [OK]          WhitespaceNormalization                                  3   ...
  [OK]          WhitespaceNormalization                                  4   ...
  [FAIL]        AgentTools.PasteFunnel                                   0   ...
  [OK]          AgentTools.PasteFunnel                                   1   ...
  [OK]          AgentTools.PasteFunnel                                   2   ...
  [FAIL]        AgentTools.PasteFunnel                                   3   ...
  [FAIL]        AgentTools.PasteFunnel                                   4   ...
  [OK]          AgentTools.PasteFunnel                                   5   ...
  [OK]          AgentTools.PasteFunnel                                   6   ...
  [OK]          AgentTools.PasteFunnel                                   7   ...
  [OK]          AgentTools.PasteFunnel                                   8   ...
  [OK]          AgentTools.PasteFunnel                                   9   ...
  [OK]          AgentTools.PasteFunnel                                  10   ...
  [OK]          AgentTools.PasteFunnel                                  11   ...
  [OK]          AgentTools.EditActions                                   0   ...
  [OK]          AgentTools.EditActions                                   1   ...
  [OK]          AgentTools.EditActions                                   2   ...
  [OK]          AgentTools.EditActions                                   3   ...
  [OK]          AgentTools.EditActions                                   4   ...
  [OK]          AgentTools.EditActions                                   5   ...
  [OK]          AgentTools.EditActions                                   6   ...
  [OK]          AgentTools.EditActions                                   7   ...
  [OK]          AgentTools.EditActions                                   8   ...
  [OK]          AgentTools.EditActions                                   9   ...
  [OK]          AgentTools.EditActions                                  10   ...
  [OK]          AgentTools.InsertAtProgramBoundary                       0   ...
  [OK]          AgentTools.InsertAtProgramBoundary                       1   ...
  [OK]          AgentTools.InsertAtProgramBoundary                       2   ...
  [OK]          AgentTools.InsertAtProgramBoundary                       3   ...
  [OK]          AgentTools.UpdateDefinition                              0   ...
  [OK]          AgentTools.UpdateDefinition                              1   ...
  [OK]          AgentTools.UpdateDefinition                              2   ...
  [OK]          AgentTools.UpdateDefinition                              3   ...
  [OK]          AgentTools.UpdateDefinition                              4   ...
  [OK]          AgentTools.UpdateDefinition                              5   ...
  [OK]          AgentTools.UpdateDefinition                              6   ...
  [OK]          AgentTools.UpdateDefinition                              7   ...
  [OK]          AgentTools.UpdateBody                                    0   ...
  [OK]          AgentTools.UpdateBody                                    1   ...
  [OK]          AgentTools.UpdateBody                                    2   ...
  [OK]          AgentTools.UpdateBody                                    3   ...
  [OK]          AgentTools.UpdatePattern                                 0   ...
  [OK]          AgentTools.UpdatePattern                                 1   ...
  [OK]          AgentTools.UpdatePattern                                 2   ...
  [OK]          AgentTools.UpdatePattern                                 3   ...
  [OK]          AgentTools.UpdatePattern                                 4   ...
  [OK]          AgentTools.UpdateBindingClause                           0   ...
  [OK]          AgentTools.UpdateBindingClause                           1   ...
  [OK]          AgentTools.UpdateBindingClause                           2   ...
  [OK]          AgentTools.UpdateBindingClause                           3   ...
  [OK]          AgentTools.UpdateBindingClause                           4   ...
  [OK]          AgentTools.Insert                                        0   ...
  [OK]          AgentTools.Insert                                        1   ...
  [OK]          AgentTools.Insert                                        2   ...
  [OK]          AgentTools.Insert                                        3   ...
  [OK]          AgentTools.Insert                                        4   ...
  [FAIL]        AgentTools.Insert                                        5   ...
  [FAIL]        AgentTools.Insert                                        6   ...
  [FAIL]        AgentTools.Insert                                        7   ...
  [OK]          AgentTools.Insert                                        8   ...
  [OK]          AgentTools.Insert                                        9   ...
  [OK]          AgentTools.Delete                                        0   ...
  [OK]          AgentTools.Delete                                        1   ...
  [OK]          AgentTools.Delete                                        2   ...
  [OK]          AgentTools.Delete                                        3   ...
  [OK]          AgentTools.Delete                                        4   ...
  [OK]          AgentTools.Delete                                        5   ...
  [OK]          AgentTools.StaticErrorRejection                          0   ...
  [OK]          AgentTools.StaticErrorRejection                          1   ...
  [OK]          AgentTools.StaticErrorRejection                          2   ...
  [OK]          AgentTools.StaticErrorRejection                          3   ...
  [OK]          AgentTools.NestedDefinitions                             0   ...
  [OK]          AgentTools.NestedDefinitions                             1   ...
  [OK]          AgentTools.NestedDefinitions                             2   ...
  [OK]          AgentTools.NestedDefinitions                             3   ...
  [OK]          AgentTools.NestedDefinitions                             4   ...
  [OK]          AgentTools.NestedDefinitions                             5   ...
  [OK]          AgentTools.InvalidPaths                                  0   ...
  [OK]          AgentTools.InvalidPaths                                  1   ...
  [OK]          AgentTools.InvalidPaths                                  2   ...
  [OK]          AgentTools.InvalidPaths                                  3   ...
  [OK]          AgentTools.InvalidPaths                                  4   ...
  [OK]          AgentTools.InvalidPaths                                  5   ...
  [OK]          AgentTools.InvalidPaths                                  6   ...
  [OK]          AgentTools.InvalidPaths                                  7   ...
  [OK]          HighLevelNodeMap                                         0   ...
  [OK]          HighLevelNodeMap                                         1   ...
  [OK]          HighLevelNodeMap                                         2   ...
  [OK]          HighLevelNodeMap                                         3   ...
  [OK]          HighLevelNodeMap                                         4   ...
  [OK]          HighLevelNodeMap                                         5   ...
  [OK]          HighLevelNodeMap                                         6   ...
  [OK]          HighLevelNodeMap                                         7   ...
  [OK]          HighLevelNodeMap                                         8   ...
  [OK]          HighLevelNodeMap                                         9   ...
  [OK]          HighLevelNodeMap                                        10   ...
  [OK]          HighLevelNodeMap                                        11   ...
  [OK]          HighLevelNodeMap                                        12   ...
  [OK]          HighLevelNodeMap                                        13   ...
  [OK]          HighLevelNodeMap                                        14   ...
  [OK]          HighLevelNodeMap                                        15   ...
  [OK]          HighLevelNodeMap                                        16   ...
  [OK]          HighLevelNodeMap                                        17   ...
  [OK]          HighLevelNodeMap                                        18   ...
  [OK]          HighLevelNodeMap                                        19   ...
  [OK]          HighLevelNodeMap                                        20   ...
  [OK]          HighLevelNodeMap                                        21   ...
  [OK]          HighLevelNodeMap                                        22   ...
  [OK]          HighLevelNodeMap                                        23   ...
  [OK]          HighLevelNodeMap                                        24   ...
  [OK]          CompositionView.print_zipper                             0   ...
  [OK]          CompositionView.print_zipper                             1   ...
  [OK]          CompositionView.print_zipper                             2   ...
  [OK]          CompositionView.print_zipper                             3   ...
  [OK]          CompositionUtils.action_of                               0   ...
  [OK]          CompositionUtils.action_of                               1   ...
  [OK]          CompositionUtils.action_of                               2   ...
  [OK]          CompositionUtils.action_of                               3   ...
  [OK]          CompositionUtils.action_of                               4   ...
  [OK]          CompositionUtils.action_of                               5   ...
  [OK]          CompositionUtils.action_of                               6   ...
  [OK]          CompositionUtils.action_of                               7   ...
  [OK]          CompositionUtils.action_of                               8   ...
  [OK]          CompositionUtils.action_of                               9   ...
  [OK]          CompositionUtils.action_of                              10   ...
  [OK]          CompositionUtils.action_of                              11   ...
  [OK]          CompositionUtils.action_of                              12   ...
  [OK]          CompositionUtils.action_of                              13   ...
  [OK]          CompositionUtils.action_of                              14   ...
  [OK]          CompositionUtils.action_of                              15   ...
  [OK]          CompositionUtils.action_of                              16   ...
  [OK]          CompositionUtils.action_of                              17   ...
  [OK]          CompositionUtils.action_of                              18   ...
  [OK]          CompositionUtils.action_of                              19   ...
  [OK]          CompositionUtils.action_of                              20   ...
  [OK]          CompositionUtils.action_of                              21   ...
  [OK]          CompositionUtils.action_of                              22   ...
  [OK]          CompositionUtils.action_of                              23   ...
  [OK]          CompositionUtils.action_of                              24   ...
  [OK]          CompositionUtils.action_of                              25   ...
  [OK]          CompositionUtils.action_of                              26   ...
  [OK]          CompositionUtils.action_of                              27   ...
  [OK]          CompositionUtils.action_of                              28   ...
  [OK]          CompositionUtils.action_of                              29   ...
  [OK]          CompositionUtils.action_of                              30   ...
  [OK]          CompositionUtils.action_of                              31   ...
  [OK]          CompositionUtils.action_of                              32   ...
  [OK]          AgentTools.StaticsRefractor                              0   ...
  [OK]          AgentTools.StaticsRefractor                              1   ...
  [OK]          AgentTools.WithProjectors                                0   ...
  [OK]          AgentTools.WithProjectors                                1   ...
  [OK]          AgentTools.WithProjectors                                2   ...
  [OK]          AgentTools.WithProjectors                                3   ...
  [OK]          AgentTools.WithProjectors                                4   ...
  [OK]          AgentTools.WithProjectors                                5   ...
  [OK]          AgentTools.GeneralTreeRefs                               0   ...
  [OK]          AgentTools.SequentialOperations                          0   ...
  [OK]          AgentTools.SequentialOperations                          1   ...
  [OK]          AgentTools.SequentialOperations                          2   ...
  [OK]          AgentTools.SequentialOperations                          3   ...
  [OK]          AgentTools.SequentialOperations                          4   ...
  [OK]          AgentTools.SequentialOperations                          5   ...
  [OK]          AgentTools.TypeAlias                                     0   ...
  [OK]          AgentTools.TypeAlias                                     1   ...
  [OK]          AgentTools.TypeAlias                                     2   ...
  [OK]          AgentTools.TypeAlias                                     3   ...
  [OK]          AgentTools.ComplexPrograms                               0   ...
  [OK]          AgentTools.ComplexPrograms                               1   ...
  [OK]          AgentTools.ComplexPrograms                               2   ...
  [OK]          AgentTools.ComplexPrograms                               3   ...
  [OK]          AgentTools.ComplexPrograms                               4   ...
  [OK]          AgentTools.ComplexPrograms                               5   ...
  [OK]          AgentTools.ComplexPrograms                               6   ...
  [OK]          AgentTools.ComplexPrograms                               7   ...
  [OK]          AgentContext                                             0   ...
  [OK]          AgentContext                                             1   ...
  [OK]          AgentContext                                             2   ...
  [OK]          AgentContext                                             3   ...
  [OK]          AgentContext                                             4   ...
  [OK]          AgentContext                                             5   ...
  [OK]          AgentContext                                             6   ...
  [OK]          AgentContext                                             7   ...
  [OK]          ErrorPrint                                               0   ...
  [OK]          ErrorPrint                                               1   ...
  [OK]          ErrorPrint                                               2   ...
  [OK]          ErrorPrint                                               3   ...
  [OK]          ErrorPrint                                               4   ...
  [OK]          ToolJsonDefinitions                                      0   ...
  [OK]          ToolJsonDefinitions                                      1   ...
  [OK]          ToolJsonDefinitions                                      2   ...
  [OK]          ToolJsonDefinitions                                      3   ...
  [OK]          ToolJsonDefinitions                                      4   ...
  [OK]          ToolJsonDefinitions                                      5   ...
  [OK]          ToolJsonDefinitions                                      6   ...
  [OK]          ToolJsonDefinitions                                      7   ...
  [OK]          ToolJsonDefinitions                                      8   ...
  [OK]          ToolJsonDefinitions                                      9   ...
  [OK]          AgentTools.AscribedBindings                              0   ...
  [OK]          AgentTools.AscribedBindings                              1   ...
  [OK]          AgentTools.AscribedBindings                              2   ...
  [OK]          AgentTools.AscribedBindings                              3   ...
  [OK]          AgentTools.AscribedBindings                              4   ...
  [OK]          AgentTools.AscribedBindings                              5   ...
  [OK]          AgentTools.AscribedBindings                              6   ...
  [OK]          AgentTools.AscribedBindings                              7   ...
  [OK]          AgentTools.AscribedBindings                              8   ...
  [OK]          AgentTools.AscribedBindings                              9   ...
  [OK]          AgentTools.AscribedBindings                             10   ...
  [OK]          AgentTools.AscribedBindings                             11   ...
  [OK]          AgentTools.AscribedBindings                             12   ...
  [OK]          AgentTools.AscribedBindings                             13   ...
  [OK]          AgentTools.AscribedBindings                             14   ...
  [OK]          AgentTools.AscribedBindings                             15   ...
  [OK]          AgentTools.AscribedBindings                             16   ...
  [OK]          AgentTools.AscribedBindings                             17   ...
  [OK]          AgentTools.AscribedBindings                             18   ...
  [OK]          AgentTools.RenameAndPathSafety                           0   ...
  [OK]          AgentTools.RenameAndPathSafety                           1   ...
  [OK]          AgentTools.RenameAndPathSafety                           2   ...
  [OK]          AgentTools.RenameAndPathSafety                           3   ...
  [OK]          AgentTools.RenameAndPathSafety                           4   ...
  [OK]          AgentTools.RenameAndPathSafety                           5   ...
  [OK]          AgentTools.RenameAndPathSafety                           6   ...
  [OK]          AgentTools.RenameAndPathSafety                           7   ...
  [OK]          AgentTools.RenameAndPathSafety                           8   ...
  [OK]          AgentTools.RenameAndPathSafety                           9   ...
  [OK]          AgentTools.FnSugar                                       0   ...
  [OK]          AgentTools.FnSugar                                       1   ...
  [OK]          AgentTools.FnSugar                                       2   ...
  [OK]          AgentTools.FnSugar                                       3   ...
  [OK]          AgentTools.FnSugar                                       4   ...
  [OK]          AgentTools.FnSugar                                       5   ...
  [OK]          AgentTools.FnSugar                                       6   ...
  [OK]          AgentTools.FnSugar                                       7   ...
  [OK]          AgentTools.FnSugar                                       8   ...
  [OK]          AgentTools.FnSugar                                       9   ...
  [OK]          AgentTools.FnSugar                                      10   ...
  [OK]          AgentTools.FnSugar                                      11   ...
  [OK]          AgentTools.FnSugar                                      12   ...
  [OK]          AgentTools.FnSugar                                      13   ...
  [OK]          AgentTools.FnSugar                                      14   ...
  [OK]          AgentMultiTool                                           0   ...
  [OK]          AgentMultiTool                                           1   ...
  [OK]          AgentMultiTool                                           2   ...
  [OK]          AgentMultiTool                                           3   ...
  [OK]          AgentMultiTool                                           4   ...
  [OK]          AgentControlFlow                                         0   ...
  [OK]          AgentControlFlow                                         1   ...
  [OK]          AgentControlFlow                                         2   ...
  [OK]          AgentControlFlow                                         3   ...
  [OK]          AgentControlFlow                                         4   ...
  [OK]          AgentControlFlow                                         5   ...
  [OK]          AgentControlFlow                                         6   ...
  [OK]          AgentControlFlow                                         7   ...
  [OK]          AgentControlFlow                                         8   ...
  [OK]          AgentControlFlow                                         9   ...
  [OK]          AgentControlFlow                                        10   ...
  [OK]          AgentControlFlow                                        11   ...
  [OK]          AgentControlFlow                                        12   ...
  [OK]          AgentControlFlow                                        13   ...
  [OK]          AgentControlFlow                                        14   ...
  [OK]          AgentControlFlow                                        15   ...
  [OK]          Agent UX                                                 0   ...
  [OK]          Agent UX                                                 1   ...
  [OK]          Agent UX                                                 2   ...
  [OK]          Agent UX                                                 3   ...
  [OK]          Agent UX                                                 4   ...
  [OK]          Agent UX                                                 5   ...
  [OK]          Agent UX                                                 6   ...
  [OK]          Agent UX                                                 7   ...
  [OK]          Agent UX                                                 8   ...
  [OK]          Agent UX                                                 9   ...
  [OK]          Agent UX                                                10   ...
  [OK]          Agent UX                                                11   ...
  [OK]          Agent UX                                                12   ...
  [OK]          Agent UX                                                13   ...
  [OK]          Agent UX                                                14   ...
  [OK]          Agent UX                                                15   ...
  [OK]          Agent UX                                                16   ...
  [OK]          Agent UX                                                17   ...
  [OK]          Agent UX                                                18   ...
  [OK]          Agent UX                                                19   ...
  [OK]          Agent UX                                                20   ...
  [OK]          Agent UX                                                21   ...
  [OK]          Agent UX                                                22   ...
  [OK]          Agent UX                                                23   ...
  [OK]          Agent UX                                                24   ...
  [OK]          Agent UX                                                25   ...
  [OK]          Agent UX                                                26   ...
  [OK]          Agent UX                                                27   ...
  [OK]          Agent UX                                                28   ...
  [OK]          Agent UX                                                29   ...
  [OK]          Agent UX                                                30   ...
  [OK]          Agent UX                                                31   ...
  [OK]          Agent UX                                                32   ...
  [OK]          Agent UX                                                33   ...
  [OK]          Agent UX                                                34   ...
  [OK]          Agent UX                                                35   ...
  [OK]          Agent UX                                                36   ...
  [OK]          Agent UX                                                37   ...
  [OK]          Agent UX                                                38   ...
  [OK]          Agent UX                                                39   ...
  [OK]          Agent UX                                                40   ...
  [OK]          Agent UX                                                41   ...
  [OK]          Agent UX                                                42   ...
  [OK]          Agent UX                                                43   ...
  [OK]          Agent UX                                                44   ...
  [OK]          Agent UX                                                45   ...
  [OK]          Agent UX                                                46   ...
  [OK]          Agent UX                                                47   ...
  [OK]          Agent UX                                                48   ...
  [OK]          Agent UX                                                49   ...
  [OK]          Agent UX                                                50   ...
  [OK]          Agent UX                                                51   ...
  [OK]          Agent UX                                                52   ...
  [OK]          Agent UX                                                53   ...
  [OK]          Agent UX                                                54   ...
  [OK]          Agent UX                                                55   ...
  [OK]          Agent UX                                                56   ...
  [OK]          Agent UX                                                57   ...
  [OK]          Agent UX                                                58   ...
  [OK]          Agent UX                                                59   ...
  [OK]          Agent UX                                                60   ...
  [OK]          Agent UX                                                61   ...
  [OK]          Agent UX                                                62   ...
  [OK]          Agent UX                                                63   ...
  [OK]          Agent UX                                                64   ...
  [OK]          Agent UX                                                65   ...
  [OK]          Agent UX                                                66   ...
  [OK]          Agent UX                                                67   ...
  [OK]          Agent UX                                                68   ...
  [OK]          Agent UX                                                69   ...
  [OK]          Agent UX                                                70   ...
  [OK]          Agent UX                                                71   ...
  [OK]          Agent UX                                                72   ...
  [OK]          Agent UX                                                73   ...
  [OK]          Agent UX                                                74   ...
  [OK]          Agent UX                                                75   ...
  [OK]          Agent UX                                                76   ...
  [OK]          Agent UX                                                77   ...
  [OK]          ExpToSegment                                             0   ...
  [SKIP]        ExpToSegment                                             1   ...
  [OK]          ExpToSegment                                             2   ...
  [OK]          ExpToSegment                                             3   ...
  [OK]          ExpToSegment                                             4   ...
  [OK]          ExpToSegment                                             5   ...
  [OK]          ExpToSegment                                             6   ...
  [OK]          ExpToSegment                                             7   ...
  [OK]          ExpToSegment                                             8   ...
  [OK]          ExpToSegment                                             9   ...
  [OK]          ExpToSegment                                            10   ...
  [OK]          ExpToSegment                                            11   ...
  [OK]          ExpToSegment                                            12   ...
  [OK]          ExpToSegment                                            13   ...
  [OK]          ExpToSegment                                            14   ...
  [OK]          ExpToSegment                                            15   ...
  [OK]          ExpToSegment                                            16   ...
  [OK]          ExpToSegment                                            17   ...
  [OK]          ExpToSegment                                            18   ...
  [OK]          ExpToSegment                                            19   ...
  [OK]          ExpToSegment                                            20   ...
  [OK]          ExpToSegment                                            21   ...
  [OK]          ExpToSegment                                            22   ...
  [OK]          ExpToSegment                                            23   ...
  [OK]          ExpToSegment                                            24   ...
  [OK]          ExpToSegment                                            25   ...
  [OK]          ExpToSegment                                            26   ...
  [OK]          ExpToSegment                                            27   ...
  [OK]          ExpToSegment                                            28   ...
  [OK]          ExpToSegment                                            29   ...
  [OK]          ExpToSegment                                            30   ...
  [OK]          ExpToSegment                                            31   ...
  [OK]          ExpToSegment                                            32   ...
  [OK]          ExpToSegment                                            33   ...
  [OK]          ExpToSegment.PadIds                                      0   ...
  [OK]          ExpToSegment.PadIds                                      1   ...
  [OK]          ExpToSegment.PadIds                                      2   ...
  [OK]          Defensive Parens: Proof-Embedded Expressions             0   ...
  [OK]          Defensive Parens: Proof-Embedded Expressions             1   ...
  [OK]          Defensive Parens: Proof-Embedded Expressions             2   ...
  [OK]          Defensive Parens: Proof-Embedded Expressions             3   ...
  [OK]          Secondary Round-Trip                                     0   ...
  [OK]          Secondary Round-Trip                                     1   ...
  [OK]          Secondary Round-Trip                                     2   ...
  [OK]          Secondary Round-Trip                                     3   ...
  [OK]          Secondary Round-Trip                                     4   ...
  [OK]          Secondary Round-Trip                                     5   ...
  [OK]          Secondary Round-Trip                                     6   ...
  [OK]          Secondary Round-Trip                                     7   ...
  [OK]          Secondary Round-Trip                                     8   ...
  [OK]          Secondary Round-Trip                                     9   ...
  [OK]          Secondary Round-Trip                                    10   ...
  [OK]          Secondary Round-Trip                                    11   ...
  [OK]          Secondary Round-Trip                                    12   ...
  [OK]          Secondary Round-Trip                                    13   ...
  [OK]          Secondary Round-Trip                                    14   ...
  [OK]          Secondary Round-Trip                                    15   ...
  [OK]          Secondary Round-Trip                                    16   ...
  [OK]          Secondary Round-Trip                                    17   ...
  [OK]          Secondary Round-Trip                                    18   ...
  [OK]          Secondary Round-Trip                                    19   ...
  [OK]          Secondary Round-Trip                                    20   ...
  [OK]          Secondary Round-Trip                                    21   ...
  [OK]          Secondary Round-Trip                                    22   ...
  [OK]          Secondary Round-Trip                                    23   ...
  [OK]          Secondary Round-Trip                                    24   ...
  [OK]          Secondary Round-Trip                                    25   ...
  [OK]          Secondary Round-Trip                                    26   ...
  [OK]          Secondary Round-Trip                                    27   ...
  [OK]          Secondary Round-Trip                                    28   ...
  [OK]          Secondary Round-Trip                                    29   ...
  [OK]          Secondary Round-Trip                                    30   ...
  [OK]          Secondary Round-Trip                                    31   ...
  [OK]          Secondary Round-Trip                                    32   ...
  [OK]          Secondary Round-Trip                                    33   ...
  [OK]          Secondary Round-Trip                                    34   ...
  [OK]          Secondary Round-Trip                                    35   ...
  [OK]          Secondary Round-Trip                                    36   ...
  [OK]          Secondary Round-Trip                                    37   ...
  [OK]          Secondary Round-Trip                                    38   ...
  [OK]          Secondary Round-Trip                                    39   ...
  [OK]          Secondary Round-Trip                                    40   ...
  [OK]          Secondary Round-Trip                                    41   ...
  [OK]          Secondary Round-Trip                                    42   ...
  [OK]          Secondary Round-Trip                                    43   ...
  [OK]          Secondary Round-Trip                                    44   ...
  [OK]          Secondary Round-Trip                                    45   ...
  [OK]          Secondary Round-Trip                                    46   ...
  [OK]          Secondary Round-Trip                                    47   ...
  [OK]          Secondary Round-Trip                                    48   ...
  [OK]          Secondary Round-Trip                                    49   ...
  [OK]          Secondary Round-Trip                                    50   ...
  [OK]          Secondary Round-Trip                                    51   ...
  [OK]          Secondary Round-Trip                                    52   ...
  [OK]          Secondary Round-Trip                                    53   ...
  [OK]          Secondary Round-Trip                                    54   ...
  [OK]          Secondary Round-Trip                                    55   ...
  [OK]          Secondary Round-Trip                                    56   ...
  [OK]          Secondary Round-Trip                                    57   ...
  [OK]          Secondary Round-Trip                                    58   ...
  [OK]          Secondary Round-Trip                                    59   ...
  [OK]          Secondary Round-Trip                                    60   ...
  [OK]          Secondary Round-Trip                                    61   ...
  [OK]          Secondary Round-Trip                                    62   ...
  [OK]          Secondary Round-Trip                                    63   ...
  [OK]          Secondary Round-Trip                                    64   ...
  [OK]          Secondary Round-Trip                                    65   ...
  [OK]          Secondary Round-Trip                                    66   ...
  [OK]          Secondary Round-Trip                                    67   ...
  [OK]          Secondary Round-Trip                                    68   ...
  [OK]          Secondary Round-Trip                                    69   ...
  [OK]          Secondary Round-Trip                                    70   ...
  [OK]          Secondary Round-Trip                                    71   ...
  [OK]          Secondary Round-Trip                                    72   ...
  [OK]          Secondary Round-Trip                                    73   ...
  [OK]          Secondary Round-Trip                                    74   ...
  [OK]          Secondary Round-Trip                                    75   ...
  [OK]          Secondary Round-Trip                                    76   ...
  [OK]          Secondary Round-Trip                                    77   ...
  [OK]          Secondary Round-Trip                                    78   ...
  [OK]          Secondary Round-Trip                                    79   ...
  [OK]          Secondary Round-Trip                                    80   ...
  [OK]          Secondary Round-Trip                                    81   ...
  [OK]          Secondary Round-Trip                                    82   ...
  [OK]          Secondary Round-Trip                                    83   ...
  [OK]          Secondary Round-Trip                                    84   ...
  [OK]          Secondary Round-Trip                                    85   ...
  [OK]          Secondary Round-Trip                                    86   ...
  [OK]          Secondary Round-Trip                                    87   ...
  [OK]          Secondary Round-Trip                                    88   ...
  [OK]          Secondary Round-Trip                                    89   ...
  [OK]          Secondary Round-Trip                                    90   ...
  [OK]          Secondary Round-Trip                                    91   ...
  [OK]          Secondary Round-Trip                                    92   ...
  [OK]          Secondary Round-Trip                                    93   ...
  [OK]          Secondary Round-Trip                                    94   ...
  [OK]          Secondary Round-Trip                                    95   ...
  [OK]          Secondary Round-Trip                                    96   ...
  [OK]          Secondary Round-Trip                                    97   ...
  [OK]          Secondary Round-Trip                                    98   ...
  [OK]          Secondary Round-Trip                                    99   ...
  [OK]          Secondary Round-Trip                                   100   ...
  [OK]          Secondary Round-Trip                                   101   ...
  [OK]          Secondary Round-Trip                                   102   ...
  [OK]          Secondary Round-Trip                                   103   ...
  [OK]          Secondary Round-Trip                                   104   ...
  [OK]          Secondary Round-Trip                                   105   ...
  [OK]          Secondary Round-Trip                                   106   ...
  [OK]          Secondary Round-Trip                                   107   ...
  [OK]          Secondary Round-Trip                                   108   ...
  [OK]          Secondary Round-Trip                                   109   ...
  [OK]          Secondary Round-Trip                                   110   ...
  [OK]          Secondary Round-Trip                                   111   ...
  [OK]          Secondary Round-Trip                                   112   ...
  [OK]          Secondary Round-Trip                                   113   ...
  [OK]          Secondary Round-Trip                                   114   ...
  [OK]          Secondary Round-Trip                                   115   ...
  [OK]          Secondary Round-Trip                                   116   ...
  [OK]          Secondary Round-Trip                                   117   ...
  [OK]          Secondary Round-Trip                                   118   ...
  [OK]          Secondary Round-Trip                                   119   ...
  [OK]          Secondary Round-Trip                                   120   ...
  [OK]          Secondary Round-Trip                                   121   ...
  [OK]          Secondary Round-Trip                                   122   ...
  [OK]          Secondary Round-Trip                                   123   ...
  [OK]          Secondary Round-Trip                                   124   ...
  [OK]          Secondary Round-Trip                                   125   ...
  [OK]          Secondary Round-Trip                                   126   ...
  [OK]          Secondary Round-Trip                                   127   ...
  [OK]          Secondary Round-Trip                                   128   ...
  [OK]          Secondary Round-Trip                                   129   ...
  [OK]          Secondary Round-Trip                                   130   ...
  [OK]          Secondary Round-Trip                                   131   ...
  [OK]          Secondary Round-Trip                                   132   ...
  [OK]          Secondary Round-Trip                                   133   ...
  [OK]          Secondary Round-Trip                                   134   ...
  [OK]          Secondary Round-Trip                                   135   ...
  [OK]          Secondary Round-Trip                                   136   ...
  [OK]          Secondary Round-Trip                                   137   ...
  [OK]          Secondary Round-Trip                                   138   ...
  [OK]          Secondary Round-Trip                                   139   ...
  [OK]          Secondary Round-Trip                                   140   ...
  [OK]          Secondary Round-Trip                                   141   ...
  [OK]          Secondary Round-Trip                                   142   ...
  [OK]          Secondary Round-Trip                                   143   ...
  [OK]          Secondary Round-Trip                                   144   ...
  [OK]          Secondary Round-Trip                                   145   ...
  [OK]          Secondary Round-Trip                                   146   ...
  [OK]          Secondary Round-Trip                                   147   ...
  [OK]          Secondary Round-Trip                                   148   ...
  [OK]          Secondary Round-Trip                                   149   ...
  [OK]          Secondary Round-Trip                                   150   ...
  [OK]          Secondary Round-Trip                                   151   ...
  [OK]          Secondary Round-Trip                                   152   ...
  [OK]          Secondary Round-Trip                                   153   ...
  [OK]          Secondary Round-Trip                                   154   ...
  [OK]          Secondary Round-Trip                                   155   ...
  [OK]          Secondary Round-Trip                                   156   ...
  [OK]          Secondary Round-Trip                                   157   ...
  [OK]          Secondary Round-Trip                                   158   ...
  [OK]          Secondary Round-Trip                                   159   ...
  [OK]          Secondary Round-Trip                                   160   ...
  [OK]          Secondary Round-Trip                                   161   ...
  [OK]          Secondary Round-Trip                                   162   ...
  [OK]          Secondary Round-Trip                                   163   ...
  [OK]          Secondary Round-Trip                                   164   ...
  [OK]          Secondary Round-Trip                                   165   ...
  [OK]          Secondary Round-Trip                                   166   ...
  [OK]          Secondary Round-Trip                                   167   ...
  [OK]          Secondary Round-Trip                                   168   ...
  [OK]          Secondary Round-Trip                                   169   ...
  [FAIL]        Secondary Round-Trip                                   170   ...
  [FAIL]        Secondary Round-Trip                                   171   ...
  [OK]          Secondary Round-Trip                                   172   ...
  [OK]          Secondary Round-Trip                                   173   ...
  [OK]          Secondary Round-Trip                                   174   ...
  [OK]          Secondary Round-Trip                                   175   ...
  [OK]          Secondary Round-Trip                                   176   ...
  [OK]          Secondary Round-Trip                                   177   ...
  [OK]          Secondary Round-Trip                                   178   ...
  [OK]          Secondary Round-Trip                                   179   ...
  [OK]          Secondary Round-Trip                                   180   ...
  [OK]          Secondary Round-Trip                                   181   ...
  [OK]          Secondary Round-Trip                                   182   ...
  [OK]          Secondary Round-Trip                                   183   ...
  [OK]          Secondary Round-Trip                                   184   ...
  [OK]          Secondary Round-Trip                                   185   ...
  [OK]          Secondary Round-Trip                                   186   ...
  [OK]          Secondary Round-Trip                                   187   ...
  [OK]          Secondary Round-Trip                                   188   ...
  [OK]          Secondary Round-Trip                                   189   ...
  [OK]          Secondary Round-Trip                                   190   ...
  [OK]          Secondary Round-Trip                                   191   ...
  [OK]          Secondary Round-Trip                                   192   ...
  [OK]          Secondary Round-Trip                                   193   ...
  [OK]          Secondary Round-Trip                                   194   ...
  [OK]          Secondary Round-Trip                                   195   ...
  [OK]          Round-Trip: Incomplete (completion provenance)           0   ...
  [OK]          Round-Trip: Incomplete (completion provenance)           1   ...
  [OK]          Round-Trip: Incomplete (completion provenance)           2   ...
  [OK]          Round-Trip: Incomplete (completion provenance)           3   ...
  [OK]          Round-Trip: Incomplete (completion provenance)           4   ...
  [OK]          Round-Trip: Incomplete (completion provenance)           5   ...
  [OK]          Round-Trip: Incomplete (completion provenance)           6   ...
  [OK]          Round-Trip: Incomplete (completion provenance)           7   ...
  [OK]          Round-Trip: Incomplete (completion provenance)           8   ...
  [OK]          Round-Trip: Incomplete (completion provenance)           9   ...
  [OK]          Round-Trip: Incomplete (completion provenance)          10   ...
  [OK]          Round-Trip: Incomplete (completion provenance)          11   ...
  [OK]          Round-Trip: Incomplete (completion provenance)          12   ...
  [OK]          Round-Trip: Incomplete (completion provenance)          13   ...
  [OK]          Round-Trip: Incomplete (completion provenance)          14   ...
  [OK]          Round-Trip: Incomplete (completion provenance)          15   ...
  [OK]          Round-Trip: Incomplete (completion provenance)          16   ...
  [OK]          Round-Trip: Incomplete (completion provenance)          17   ...
  [OK]          Round-Trip: Incomplete (completion provenance)          18   ...
  [OK]          Round-Trip: Incomplete (completion provenance)          19   ...
  [OK]          Round-Trip: Incomplete (completion provenance)          20   ...
  [OK]          Round-Trip: Incomplete (completion provenance)          21   ...
  [OK]          Round-Trip: Incomplete (completion provenance)          22   ...
  [OK]          Round-Trip: Defensive Parenthesization Forms             0   ...
  [OK]          Round-Trip: Defensive Parenthesization Forms             1   ...
  [OK]          Round-Trip: Defensive Parenthesization Forms             2   ...
  [OK]          Round-Trip: Defensive Parenthesization Forms             3   ...
  [OK]          Round-Trip: Defensive Parenthesization Forms             4   ...
  [OK]          Defensive Print Idempotence                              0   ...
  [OK]          Defensive Print Idempotence                              1   ...
  [OK]          Defensive Print Idempotence                              2   ...
  [OK]          Defensive Print Idempotence                              3   ...
  [OK]          Defensive Print Idempotence                              4   ...
  [OK]          Defensive Print Idempotence                              5   ...
  [OK]          Round-Trip: Larger Programs                              0   ...
  [OK]          Round-Trip: Larger Programs                              1   ...
  [OK]          Round-Trip: Larger Programs                              2   ...
  [OK]          Round-Trip: Larger Programs                              3   ...
  [OK]          Round-Trip: Larger Programs                              4   ...
  [OK]          Round-Trip: Larger Programs                              5   ...
  [OK]          Round-Trip: Larger Programs                              6   ...
  [OK]          Round-Trip: Larger Programs                              7   ...
  [OK]          Round-Trip: Larger Programs                              8   ...
  [OK]          Round-Trip: Larger Programs                              9   ...
  [OK]          Round-Trip: Larger Programs                             10   ...
  [OK]          Round-Trip: Larger Programs                             11   ...
  [OK]          Round-Trip: Larger Programs                             12   ...
  [OK]          Round-Trip: Larger Programs                             13   ...
  [OK]          Round-Trip: Larger Programs                             14   ...
  [OK]          Round-Trip: Larger Programs                             15   ...
  [OK]          Round-Trip: Larger Programs                             16   ...
  [OK]          Round-Trip: Larger Programs                             17   ...
  [OK]          Round-Trip: Larger Programs                             18   ...
  [OK]          Round-Trip: Larger Programs                             19   ...
  [OK]          Round-Trip: Larger Programs                             20   ...
  [OK]          Round-Trip: Larger Programs                             21   ...
  [OK]          Round-Trip: Larger Programs                             22   ...
  [OK]          Round-Trip: Grout (String)                               0   ...
  [OK]          Round-Trip: Grout (String)                               1   ...
  [OK]          Round-Trip: Grout (String)                               2   ...
  [OK]          Round-Trip: Grout (String)                               3   ...
  [OK]          Round-Trip: Grout (String)                               4   ...
  [OK]          Round-Trip: Grout (String)                               5   ...
  [OK]          Round-Trip: Grout (String)                               6   ...
  [OK]          Round-Trip: Projectors                                   0   ...
  [OK]          Round-Trip: Projectors                                   1   ...
  [OK]          Round-Trip: Projectors                                   2   ...
  [OK]          Round-Trip: Projectors                                   3   ...
  [OK]          Round-Trip: Projectors                                   4   ...
  [OK]          Round-Trip: Projectors                                   5   ...
  [OK]          Round-Trip: Projectors                                   6   ...
  [OK]          Round-Trip: Projectors                                   7   ...
  [OK]          Round-Trip: Projectors                                   8   ...
  [OK]          Round-Trip: Projectors                                   9   ...
  [OK]          Round-Trip: Projectors                                  10   ...
  [OK]          Round-Trip: Projectors                                  11   ...
  [OK]          Round-Trip: Projectors                                  12   ...
  [OK]          Round-Trip: Projectors                                  13   ...
  [SKIP]        Round-Trip: Property                                     0   ...
  [SKIP]        Round-Trip: Property                                     1   ...
  [OK]          Typ.meet                                                 0   ...
  [OK]          Typ.meet                                                 1   ...
  [OK]          Typ.meet                                                 2   ...
  [OK]          Typ.meet                                                 3   ...
  [OK]          Typ.meet                                                 4   ...
  [OK]          Typ.meet                                                 5   ...
  [OK]          Typ.fast_equal                                           0   ...
  [OK]          Statics.Functions                                        0   ...
  [OK]          Statics.Functions                                        1   ...
  [OK]          Statics.Functions                                        2   ...
  [OK]          Statics.Functions                                        3   ...
  [OK]          Statics.Functions                                        4   ...
  [OK]          Statics.Functions                                        5   ...
  [OK]          Statics.Functions                                        6   ...
  [OK]          Statics.Functions                                        7   ...
  [OK]          Statics.Functions                                        8   ...
  [OK]          Statics.Functions                                        9   ...
  [OK]          Statics.Functions                                       10   ...
  [OK]          Statics.Functions                                       11   ...
  [OK]          Statics.Functions                                       12   ...
  [OK]          Statics.FunctionSugar                                    0   ...
  [OK]          Statics.FunctionSugar                                    1   ...
  [OK]          Statics.FunctionSugar                                    2   ...
  [OK]          Statics.FunctionSugar                                    3   ...
  [OK]          Statics.FunctionSugar                                    4   ...
  [OK]          Statics.FunctionSugar                                    5   ...
  [OK]          Statics.FunctionSugar                                    6   ...
  [OK]          Statics.FunctionSugar                                    7   ...
  [OK]          Statics.FunctionSugar                                    8   ...
  [OK]          Statics.FunctionSugar                                    9   ...
  [OK]          Statics.FunctionSugar                                   10   ...
  [OK]          Statics.FunctionSugar                                   11   ...
  [OK]          Statics.FunctionSugar                                   12   ...
  [OK]          Statics.FunctionSugar                                   13   ...
  [OK]          Statics.FunctionSugar                                   14   ...
  [OK]          Statics.FunctionSugar                                   15   ...
  [OK]          Statics.FunctionSugar                                   16   ...
  [OK]          Statics.Tuples                                           0   ...
  [OK]          Statics.Tuples                                           1   ...
  [OK]          Statics.Tuples                                           2   ...
  [OK]          Statics.Tuples                                           3   ...
  [OK]          Statics.Tuples                                           4   ...
  [OK]          Statics.Tuples                                           5   ...
  [OK]          Statics.Tuples                                           6   ...
  [OK]          Statics.Tuples                                           7   ...
  [OK]          Statics.Tuples                                           8   ...
  [OK]          Statics.Tuples                                           9   ...
  [OK]          Statics.Tuples                                          10   ...
  [OK]          Statics.Tuples                                          11   ...
  [OK]          Statics.Tuples                                          12   ...
  [OK]          Statics.Tuples                                          13   ...
  [OK]          Statics.Tuples                                          14   ...
  [OK]          Statics.Tuples                                          15   ...
  [OK]          Statics.Tuples                                          16   ...
  [OK]          Statics.Tuples                                          17   ...
  [OK]          Statics.Tuples                                          18   ...
  [OK]          Statics.Tuples                                          19   ...
  [OK]          Statics.Tuples                                          20   ...
  [OK]          Statics.Tuples                                          21   ...
  [OK]          Statics.Tuples                                          22   ...
  [OK]          Statics.Tuples                                          23   ...
  [OK]          Statics.Tuples                                          24   ...
  [OK]          Statics.Tuples                                          25   ...
  [OK]          Statics.Tuples                                          26   ...
  [OK]          Statics.Tuples                                          27   ...
  [OK]          Statics.Tuples                                          28   ...
  [OK]          Statics.Tuples                                          29   ...
  [OK]          Statics.Tuples                                          30   ...
  [OK]          Statics.Tuples                                          31   ...
  [OK]          Statics.Tuples                                          32   ...
  [OK]          Statics.Tuples                                          33   ...
  [OK]          Statics.Tuples                                          34   ...
  [OK]          Statics.Tuples                                          35   ...
  [OK]          Statics.Tuples                                          36   ...
  [OK]          Statics.Tuples                                          37   ...
  [OK]          Statics.Tuples                                          38   ...
  [OK]          Statics.Tuples                                          39   ...
  [OK]          Statics.Tuples                                          40   ...
  [OK]          Statics.Tuples                                          41   ...
  [OK]          Statics.Tuples                                          42   ...
  [OK]          Statics.Tuples                                          43   ...
  [OK]          Statics.Tuples                                          44   ...
  [OK]          Statics.Tuples                                          45   ...
  [OK]          Statics.Lists                                            0   ...
  [OK]          Statics.Lists                                            1   ...
  [OK]          Statics.Lists                                            2   ...
  [OK]          Statics.Lists                                            3   ...
  [OK]          Statics.Polymorphism                                     0   ...
  [OK]          Statics.Polymorphism                                     1   ...
  [OK]          Statics.Polymorphism                                     2   ...
  [OK]          Statics.Polymorphism                                     3   ...
  [OK]          Statics.Polymorphism                                     4   ...
  [OK]          Statics.Polymorphism                                     5   ...
  [OK]          Statics.Polymorphism                                     6   ...
  [OK]          Statics.Polymorphism                                     7   ...
  [OK]          Statics.Polymorphism                                     8   ...
  [OK]          Statics.Polymorphism                                     9   ...
  [OK]          Statics.Polymorphism                                    10   ...
  [OK]          Statics.Polymorphism                                    11   ...
  [OK]          Statics.Polymorphism                                    12   ...
  [OK]          Statics.Polymorphism                                    13   ...
  [OK]          Statics.Polymorphism                                    14   ...
  [OK]          Statics.Polymorphism                                    15   ...
  [OK]          Statics.Sums                                             0   ...
  [OK]          Statics.Sums                                             1   ...
  [OK]          Statics.Sums                                             2   ...
  [OK]          Statics.Sums                                             3   ...
  [OK]          Statics.Sums                                             4   ...
  [OK]          Statics.Sums                                             5   ...
  [OK]          Statics.Sums                                             6   ...
  [OK]          Statics.Sums                                             7   ...
  [OK]          Statics.Sums                                             8   ...
  [OK]          Statics.Sums                                             9   ...
  [OK]          Statics.Sums                                            10   ...
  [OK]          Statics.Sums                                            11   ...
  [OK]          Statics.Sums                                            12   ...
  [OK]          Statics.Sums                                            13   ...
  [OK]          Statics.Sums                                            14   ...
  [OK]          Statics.Sums                                            15   ...
  [OK]          Statics.Sums                                            16   ...
  [OK]          Statics.Sums                                            17   ...
  [OK]          Statics.Sums                                            18   ...
  [OK]          Statics.Sums                                            19   ...
  [OK]          Statics.Sums                                            20   ...
  [OK]          Statics.Sums                                            21   ...
  [OK]          Statics.Sums                                            22   ...
  [OK]          Statics.Sums                                            23   ...
  [OK]          Statics.Sums                                            24   ...
  [OK]          Statics.Sums                                            25   ...
  [OK]          Statics.Sums                                            26   ...
  [OK]          Statics.Sums                                            27   ...
  [OK]          Statics.Sums                                            28   ...
  [OK]          Statics.Sums                                            29   ...
  [OK]          Statics.Sums                                            30   ...
  [OK]          Statics.Sums                                            31   ...
  [OK]          Statics.Sums                                            32   ...
  [OK]          Statics.Sums                                            33   ...
  [OK]          Statics.Sums                                            34   ...
  [OK]          Statics.Sums                                            35   ...
  [OK]          Statics.Sums                                            36   ...
  [OK]          Statics.Sums                                            37   ...
  [OK]          Statics.Sums                                            38   ...
  [OK]          Statics.Sums                                            39   ...
  [OK]          Statics.Sums                                            40   ...
  [OK]          Statics.Sums                                            41   ...
  [OK]          Statics.Sums                                            42   ...
  [OK]          Statics.Sums                                            43   ...
  [OK]          Statics.Sums                                            44   ...
  [OK]          Statics.Sums                                            45   ...
  [OK]          Statics.Sums                                            46   ...
  [SKIP]        Statics.Sums                                            47   ...
  [SKIP]        Statics.Sums                                            48   ...
  [OK]          Statics.Void                                             0   ...
  [OK]          Statics.Void                                             1   ...
  [OK]          Statics.Void                                             2   ...
  [OK]          Statics.Void                                             3   ...
  [OK]          Statics.Types                                            0   ...
  [SKIP]        Statics.Types                                            1   ...
  [OK]          Statics.Types                                            2   ...
  [OK]          Statics.Types                                            3   ...
  [SKIP]        Statics.Types                                            4   ...
  [OK]          Statics.Types                                            5   ...
  [OK]          Statics.Types                                            6   ...
  [OK]          Statics.Types                                            7   ...
  [OK]          Statics.Types                                            8   ...
  [OK]          Statics.Types                                            9   ...
  [OK]          Statics.Types                                           10   ...
  [OK]          Statics.Types                                           11   ...
  [OK]          Statics.Types                                           12   ...
  [OK]          Statics.Types                                           13   ...
  [OK]          Statics.Types                                           14   ...
  [OK]          Statics.Types                                           15   ...
  [OK]          Statics.Types                                           16   ...
  [OK]          Statics.Types                                           17   ...
  [OK]          Statics.Types                                           18   ...
  [OK]          Statics.Types                                           19   ...
  [OK]          Statics.Types                                           20   ...
  [OK]          Statics.Types                                           21   ...
  [OK]          Statics.Types                                           22   ...
  [OK]          Statics.Types                                           23   ...
  [OK]          Statics.Types                                           24   ...
  [OK]          Statics.Types                                           25   ...
  [OK]          Statics.Types                                           26   ...
  [OK]          Statics.Types                                           27   ...
  [OK]          Statics.Modules                                          0   ...
  [OK]          Statics.Modules                                          1   ...
  [OK]          Statics.Modules                                          2   ...
  [OK]          Statics.Modules                                          3   ...
  [OK]          Statics.Modules                                          4   ...
  [OK]          Statics.Modules                                          5   ...
  [OK]          Statics.Modules                                          6   ...
  [OK]          Statics.Modules                                          7   ...
  [OK]          Statics.Modules                                          8   ...
  [OK]          Statics.Modules                                          9   ...
  [OK]          Statics.Modules                                         10   ...
  [OK]          Statics.Modules                                         11   ...
  [OK]          Statics.Modules                                         12   ...
  [OK]          Statics.Modules                                         13   ...
  [OK]          Statics.Modules                                         14   ...
  [OK]          Statics.Modules                                         15   ...
  [OK]          Statics.Modules                                         16   ...
  [OK]          Statics.Modules                                         17   ...
  [OK]          Statics.Modules                                         18   ...
  [OK]          Statics.Modules                                         19   ...
  [OK]          Statics.Modules                                         20   ...
  [OK]          Statics.Modules                                         21   ...
  [OK]          Statics.Modules                                         22   ...
  [OK]          Statics.Modules                                         23   ...
  [OK]          Statics.Modules                                         24   ...
  [OK]          Statics.Modules                                         25   ...
  [OK]          Statics.Modules                                         26   ...
  [OK]          Statics.Modules                                         27   ...
  [OK]          Statics.Modules                                         28   ...
  [OK]          Statics.Modules                                         29   ...
  [OK]          Statics.Modules                                         30   ...
  [OK]          Statics.Modules                                         31   ...
  [OK]          Statics.Modules                                         32   ...
  [OK]          Statics.Modules                                         33   ...
  [OK]          Statics.Modules                                         34   ...
  [OK]          Statics.Modules                                         35   ...
  [OK]          Statics.Modules                                         36   ...
  [OK]          Statics.Modules                                         37   ...
  [OK]          Statics.Modules                                         38   ...
  [OK]          Statics.Modules                                         39   ...
  [OK]          Statics.Modules                                         40   ...
  [OK]          Statics.Modules                                         41   ...
  [OK]          Statics.Modules                                         42   ...
  [OK]          Statics.Modules                                         43   ...
  [OK]          Statics.Modules                                         44   ...
  [OK]          Statics.Modules                                         45   ...
  [OK]          Statics.Modules                                         46   ...
  [OK]          Statics.Modules                                         47   ...
  [OK]          Statics.Modules                                         48   ...
  [OK]          Statics.Modules                                         49   ...
  [OK]          Statics.Modules                                         50   ...
  [OK]          Statics.Modules                                         51   ...
  [OK]          Statics.Modules                                         52   ...
  [OK]          Statics.Modules                                         53   ...
  [OK]          Statics.Modules                                         54   ...
  [OK]          Statics.Modules                                         55   ...
  [OK]          Statics.Modules                                         56   ...
  [OK]          Statics.Modules                                         57   ...
  [OK]          Statics.Modules                                         58   ...
  [OK]          Statics.Modules                                         59   ...
  [OK]          Statics.Modules                                         60   ...
  [OK]          Statics.Modules                                         61   ...
  [OK]          Statics.Modules                                         62   ...
  [OK]          Statics.Modules                                         63   ...
  [OK]          Statics.Modules                                         64   ...
  [OK]          Statics.Modules                                         65   ...
  [OK]          Statics.Modules                                         66   ...
  [OK]          Statics.Modules                                         67   ...
  [OK]          Statics.Modules                                         68   ...
  [OK]          Statics.Modules                                         69   ...
  [OK]          Statics.Modules                                         70   ...
  [OK]          Statics.Modules                                         71   ...
  [OK]          Statics.Modules                                         72   ...
  [OK]          Statics.Modules                                         73   ...
  [OK]          Statics.Builtins.to_lvs                                  0   ...
  [OK]          Statics.Builtins.to_lvs                                  1   ...
  [OK]          Statics.Builtins.to_lvs                                  2   ...
  [OK]          Statics.Builtins.to_lvs                                  3   ...
  [OK]          Statics.Builtins.to_lvs                                  4   ...
  [OK]          Statics.Builtins.to_lvs                                  5   ...
  [OK]          Statics.Builtins.to_lvs                                  6   ...
  [OK]          Statics.Builtins.project_labels                          0   ...
  [OK]          Statics.Builtins.project_labels                          1   ...
  [OK]          Statics.Builtins.project_labels                          2   ...
  [OK]          Statics.Builtins.project_labels                          3   ...
  [OK]          Statics.Builtins.project_labels                          4   ...
  [OK]          Statics.Builtins.project_labels                          5   ...
  [OK]          Statics.Builtins.project_labels                          6   ...
  [OK]          Statics.Builtins.project_labels                          7   ...
  [OK]          Statics.Builtins.project_labels                          8   ...
  [OK]          Statics.Builtins.project_labels                          9   ...
  [OK]          Statics.Builtins.project_labels                         10   ...
  [OK]          Statics.Builtins.project_labels                         11   ...
  [OK]          Statics.Builtins.project_labels                         12   ...
  [OK]          Statics.Builtins.project_labels                         13   ...
  [OK]          Statics.Builtins.project_labels                         14   ...
  [OK]          Statics.Builtins.select_labels                           0   ...
  [OK]          Statics.Builtins.select_labels                           1   ...
  [OK]          Statics.Builtins.select_labels                           2   ...
  [OK]          Statics.Builtins.select_labels                           3   ...
  [OK]          Statics.Builtins.select_labels                           4   ...
  [OK]          Statics.Builtins.select_labels                           5   ...
  [OK]          Statics.Builtins.select_labels                           6   ...
  [OK]          Statics.Builtins.select_labels                           7   ...
  [OK]          Statics.Builtins.select_labels                           8   ...
  [OK]          Statics.Builtins.select_labels                           9   ...
  [OK]          Statics.Builtins.select_labels                          10   ...
  [OK]          Statics.Builtins.select_labels                          11   ...
  [OK]          Statics.Builtins.select_labels                          12   ...
  [OK]          Statics.Builtins.group_by_label                          0   ...
  [OK]          Statics.Builtins.group_by_label                          1   ...
  [OK]          Statics.Builtins.group_by_label                          2   ...
  [OK]          Statics.Builtins.group_by_label                          3   ...
  [OK]          Statics.Builtins.group_by_label                          4   ...
  [OK]          Statics.Builtins.group_by_label                          5   ...
  [OK]          Statics.Builtins.group_by_label                          6   ...
  [OK]          Statics.Builtins.group_by_label                          7   ...
  [OK]          Statics.Builtins.group_by_label                          8   ...
  [OK]          Statics.Builtins.group_by_label                          9   ...
  [OK]          Statics.Builtins.group_by_label                         10   ...
  [OK]          Statics.Builtins.group_by_label                         11   ...
  [OK]          Statics.Builtins.group_by_label                         12   ...
  [OK]          Statics.Builtins.omit_labels                             0   ...
  [OK]          Statics.Builtins.omit_labels                             1   ...
  [OK]          Statics.Builtins.omit_labels                             2   ...
  [OK]          Statics.Builtins.omit_labels                             3   ...
  [OK]          Statics.Builtins.omit_labels                             4   ...
  [OK]          Statics.Builtins.omit_labels                             5   ...
  [OK]          Statics.Builtins.omit_labels                             6   ...
  [OK]          Statics.Builtins.omit_labels                             7   ...
  [OK]          Statics.Builtins.omit_labels                             8   ...
  [OK]          Statics.Builtins.omit_labels                             9   ...
  [OK]          Statics.Builtins.omit_labels                            10   ...
  [OK]          Statics.Builtins.omit_labels                            11   ...
  [OK]          Statics.Builtins.omit_labels                            12   ...
  [OK]          Statics.Builtins.omit_labels                            13   ...
  [OK]          Statics.Builtins.omit_labels                            14   ...
  [OK]          Statics.Builtins.omit_all_labels                         0   ...
  [OK]          Statics.Builtins.omit_all_labels                         1   ...
  [OK]          Statics.Builtins.omit_all_labels                         2   ...
  [OK]          Statics.Builtins.omit_all_labels                         3   ...
  [OK]          Statics.Builtins.omit_all_labels                         4   ...
  [OK]          Statics.Builtins.omit_all_labels                         5   ...
  [OK]          Statics.Builtins.omit_all_labels                         6   ...
  [OK]          Statics.Builtins.from_lvs                                0   ...
  [OK]          Statics.Builtins.from_lvs                                1   ...
  [OK]          Statics.Fixpoint                                         0   ...
  [SKIP]        Statics.Properties                                       0   ...
  [SKIP]        Statics.Properties                                       1   ...
  [SKIP]        Statics.Properties                                       2   ...
  [SKIP]        Statics.Properties                                       3   ...
  [OK]          Statics.Parens                                           0   ...
  [OK]          Statics.Parens                                           1   ...
  [OK]          Statics.Proof                                            0   ...
  [OK]          Statics.Proof                                            1   ...
  [OK]          Statics.Proof                                            2   ...
  [OK]          Statics.Proof                                            3   ...
  [OK]          Statics.Proof                                            4   ...
  [OK]          Statics.Proof                                            5   ...
  [OK]          Statics.Proof                                            6   ...
  [OK]          Statics.Proof                                            7   ...
  [OK]          Statics.Proof                                            8   ...
  [OK]          Statics.Proof                                            9   ...
  [OK]          Statics.Proof                                           10   ...
  [OK]          Statics.Proof                                           11   ...
  [OK]          Statics.Proof                                           12   ...
  [OK]          Statics.Proof                                           13   ...
  [OK]          Statics.Proof                                           14   ...
  [OK]          Statics.Proof                                           15   ...
  [OK]          Statics.Proof                                           16   ...
  [OK]          Statics.Proof                                           17   ...
  [OK]          Statics.Proof                                           18   ...
  [OK]          Statics.Proof                                           19   ...
  [OK]          Statics_DynamicError                                     0   ...
  [OK]          Statics_DynamicError                                     1   ...
  [OK]          Elaboration tests                                        0   ...
  [OK]          Elaboration tests                                        1   ...
  [OK]          Elaboration tests                                        2   ...
  [OK]          Elaboration tests                                        3   ...
  [OK]          Elaboration tests                                        4   ...
  [OK]          Elaboration tests                                        5   ...
  [OK]          Elaboration tests                                        6   ...
  [OK]          Elaboration tests                                        7   ...
  [OK]          Elaboration tests                                        8   ...
  [OK]          Elaboration tests                                        9   ...
  [OK]          Elaboration tests                                       10   ...
  [OK]          Elaboration tests                                       11   ...
  [OK]          Elaboration tests                                       12   ...
  [OK]          Elaboration tests                                       13   ...
  [OK]          Elaboration tests                                       14   ...
  [OK]          Elaboration tests                                       15   ...
  [OK]          Elaboration tests                                       16   ...
  [OK]          Elaboration tests                                       17   ...
  [OK]          Elaboration tests                                       18   ...
  [OK]          Elaboration tests                                       19   ...
  [OK]          Elaboration tests                                       20   ...
  [OK]          Elaboration tests                                       21   ...
  [OK]          Elaboration tests                                       22   ...
  [OK]          Elaboration tests                                       23   ...
  [OK]          Elaboration tests                                       24   ...
  [OK]          Elaboration tests                                       25   ...
  [OK]          Elaboration tests                                       26   ...
  [OK]          Elaboration tests                                       27   ...
  [OK]          Elaboration tests                                       28   ...
  [OK]          Elaboration tests                                       29   ...
  [OK]          Elaboration tests                                       30   ...
  [OK]          Elaboration tests                                       31   ...
  [OK]          Elaboration tests                                       32   ...
  [OK]          Elaboration tests                                       33   ...
  [OK]          Elaboration tests                                       34   ...
  [OK]          Elaboration tests                                       35   ...
  [OK]          Elaboration tests                                       36   ...
  [OK]          Elaboration tests                                       37   ...
  [SKIP]        Elaboration tests                                       38   ...
  [SKIP]        Elaboration tests                                       39   ...
  [SKIP]        Elaboration tests                                       40   ...
  [SKIP]        Elaboration tests                                       41   ...
  [OK]          Menhir elaboration tests                                 0   ...
  [OK]          Menhir elaboration tests                                 1   ...
  [OK]          Menhir elaboration tests                                 2   ...
  [OK]          Menhir elaboration tests                                 3   ...
  [OK]          Menhir elaboration tests                                 4   ...
  [OK]          Menhir elaboration tests                                 5   ...
  [OK]          Menhir elaboration tests                                 6   ...
  [OK]          Menhir elaboration tests                                 7   ...
  [OK]          Menhir elaboration tests                                 8   ...
  [OK]          Menhir elaboration tests                                 9   ...
  [OK]          Menhir elaboration tests                                10   ...
  [OK]          Menhir elaboration tests                                11   ...
  [OK]          Menhir elaboration tests                                12   ...
  [OK]          Menhir elaboration tests                                13   ...
  [OK]          Menhir elaboration tests                                14   ...
  [OK]          Menhir elaboration tests                                15   ...
  [OK]          Menhir elaboration tests                                16   ...
  [OK]          Menhir elaboration tests                                17   ...
  [OK]          Menhir elaboration tests                                18   ...
  [OK]          Evaluator.LabeledTuples                                  0   ...
  [OK]          Evaluator.LabeledTuples                                  1   ...
  [OK]          Evaluator.LabeledTuples                                  2   ...
  [OK]          Evaluator.LabeledTuples                                  3   ...
  [OK]          Evaluator.LabeledTuples                                  4   ...
  [OK]          Evaluator.LabeledTuples                                  5   ...
  [OK]          Evaluator.LabeledTuples                                  6   ...
  [OK]          Evaluator.LabeledTuples                                  7   ...
  [OK]          Evaluator.LabeledTuples                                  8   ...
  [OK]          Evaluator.LabeledTuples                                  9   ...
  [OK]          Evaluator.LabeledTuples                                 10   ...
  [OK]          Evaluator.LabeledTuples                                 11   ...
  [OK]          Evaluator.LabeledTuples                                 12   ...
  [OK]          Evaluator.LabeledTuples                                 13   ...
  [OK]          Evaluator.LabeledTuples                                 14   ...
  [OK]          Evaluator.LabeledTuples                                 15   ...
  [OK]          Evaluator.LabeledTuples                                 16   ...
  [OK]          Evaluator.ProbeSteps                                     0   ...
  [OK]          Evaluator.ProbeSteps                                     1   ...
  [OK]          Evaluator.ProbeSteps                                     2   ...
  [OK]          Evaluator.ProbeSteps                                     3   ...
  [OK]          Evaluator.ProbeSteps                                     4   ...
  [OK]          Evaluator.ProbeSteps                                     5   ...
  [OK]          Evaluator.ProbeSteps                                     6   ...
  [OK]          Evaluator.ProbeCallStack                                 0   ...
  [OK]          Evaluator.ProbeCallStack                                 1   ...
  [OK]          Evaluator.ProbeCallStack                                 2   ...
  [OK]          Evaluator.ProbeCallStack                                 3   ...
  [OK]          Evaluator.ProbeCallStack                                 4   ...
  [OK]          Evaluator.ProbeCallStack                                 5   ...
  [OK]          Evaluator.ProbeCallStack                                 6   ...
  [OK]          Evaluator.ProbeCallStack                                 7   ...
  [OK]          Evaluator.ProbeCallStack                                 8   ...
  [OK]          Evaluator.ProbeSelection                                 0   ...
  [OK]          Evaluator.ProbeSelection                                 1   ...
  [OK]          Evaluator.ProbeSelection                                 2   ...
  [OK]          Evaluator.ProbeSelection                                 3   ...
  [OK]          Evaluator.ProbeSelection                                 4   ...
  [OK]          Evaluator.ProbeSelection                                 5   ...
  [OK]          Evaluator.ProbeSelection                                 6   ...
  [OK]          Evaluator.ProbeSelection                                 7   ...
  [OK]          Evaluator.ProbeSelection                                 8   ...
  [OK]          Evaluator.ProbeSelection                                 9   ...
  [OK]          Evaluator.ProbeSelection                                10   ...
  [OK]          Evaluator.ProbeSelection                                11   ...
  [OK]          Evaluator.ProbeSelection                                12   ...
  [OK]          Evaluator.ProbeSelection                                13   ...
  [OK]          Evaluator.ProbeSelection                                14   ...
  [OK]          Evaluator.ProbeSelection                                15   ...
  [OK]          Evaluator.ProbeSelection                                16   ...
  [OK]          Evaluator.ProbeSelection                                17   ...
  [OK]          Evaluator.ProbeSelection                                18   ...
  [OK]          Evaluator.Probes.Basic                                   0   ...
  [OK]          Evaluator.Probes.Basic                                   1   ...
  [OK]          Evaluator.Probes.Basic                                   2   ...
  [OK]          Evaluator.Probes.Basic                                   3   ...
  [OK]          Evaluator.Probes.Basic                                   4   ...
  [OK]          Evaluator.Probes.Basic                                   5   ...
  [OK]          Evaluator.Probes.Basic                                   6   ...
  [OK]          Evaluator.Probes.Basic                                   7   ...
  [OK]          Evaluator.Probes.Basic                                   8   ...
  [OK]          Evaluator.Probes.Basic                                   9   ...
  [OK]          Evaluator.Probes.Operators                               0   ...
  [OK]          Evaluator.Probes.Operators                               1   ...
  [OK]          Evaluator.Probes.Operators                               2   ...
  [OK]          Evaluator.Probes.Operators                               3   ...
  [OK]          Evaluator.Probes.Operators                               4   ...
  [OK]          Evaluator.Probes.Operators                               5   ...
  [OK]          Evaluator.Probes.Operators                               6   ...
  [OK]          Evaluator.Probes.Operators                               7   ...
  [OK]          Evaluator.Probes.Operators                               8   ...
  [OK]          Evaluator.Probes.Operators                               9   ...
  [OK]          Evaluator.Probes.Operators                              10   ...
  [OK]          Evaluator.Probes.Operators                              11   ...
  [OK]          Evaluator.Probes.Operators                              12   ...
  [OK]          Evaluator.Probes.Operators                              13   ...
  [OK]          Evaluator.Probes.Operators                              14   ...
  [OK]          Evaluator.Probes.Operators                              15   ...
  [OK]          Evaluator.Probes.Compound                                0   ...
  [OK]          Evaluator.Probes.Compound                                1   ...
  [OK]          Evaluator.Probes.Compound                                2   ...
  [OK]          Evaluator.Probes.Compound                                3   ...
  [OK]          Evaluator.Probes.Compound                                4   ...
  [OK]          Evaluator.Probes.Compound                                5   ...
  [OK]          Evaluator.Probes.Compound                                6   ...
  [OK]          Evaluator.Probes.Compound                                7   ...
  [OK]          Evaluator.Probes.Compound                                8   ...
  [OK]          Evaluator.Probes.Compound                                9   ...
  [OK]          Evaluator.Probes.Compound                               10   ...
  [OK]          Evaluator.Probes.Compound                               11   ...
  [OK]          Evaluator.Probes.Compound                               12   ...
  [OK]          Evaluator.Probes.Compound                               13   ...
  [OK]          Evaluator.Probes.Compound                               14   ...
  [OK]          Evaluator.Probes.Compound                               15   ...
  [OK]          Evaluator.Probes.Compound                               16   ...
  [OK]          Evaluator.Probes.Compound                               17   ...
  [OK]          Evaluator.Probes.Compound                               18   ...
  [OK]          Evaluator.Probes.Compound                               19   ...
  [OK]          Evaluator.Probes.Compound                               20   ...
  [OK]          Evaluator.Probes.Compound                               21   ...
  [OK]          Evaluator.Probes.Compound                               22   ...
  [OK]          Evaluator.Probes.Compound                               23   ...
  [OK]          Evaluator.Probes.Compound                               24   ...
  [OK]          Evaluator.Probes.Compound                               25   ...
  [OK]          Evaluator.Probes.Compound                               26   ...
  [OK]          Evaluator.Probes.Compound                               27   ...
  [OK]          Evaluator.Probes.Compound                               28   ...
  [OK]          Evaluator.Probes.Compound                               29   ...
  [OK]          Evaluator.Probes.Compound                               30   ...
  [OK]          Evaluator.Probes.Compound                               31   ...
  [OK]          Evaluator.Probes.Compound                               32   ...
  [OK]          Evaluator.Probes.Compound                               33   ...
  [OK]          Evaluator.Probes.Patterns                                0   ...
  [OK]          Evaluator.Probes.Patterns                                1   ...
  [OK]          Evaluator.Probes.Patterns                                2   ...
  [OK]          Evaluator.Probes.Patterns                                3   ...
  [OK]          Evaluator.Probes.Patterns                                4   ...
  [OK]          Evaluator.Probes.Patterns                                5   ...
  [OK]          Evaluator.Probes.Patterns                                6   ...
  [OK]          Evaluator.Probes.Patterns                                7   ...
  [OK]          Evaluator.Probes.Patterns                                8   ...
  [OK]          Evaluator.Probes.Patterns                                9   ...
  [OK]          Evaluator.Probes.Patterns                               10   ...
  [OK]          Evaluator.Probes.Patterns                               11   ...
  [OK]          Evaluator.Probes.Nested                                  0   ...
  [OK]          Evaluator.Probes.Nested                                  1   ...
  [OK]          Evaluator.Probes.Nested                                  2   ...
  [OK]          Evaluator.Probes.Recursion                               0   ...
  [OK]          Evaluator.Probes.Recursion                               1   ...
  [OK]          Evaluator.Probes.Recursion                               2   ...
  [OK]          Evaluator.Probes.Recursion                               3   ...
  [OK]          Evaluator.Probes.Recursion                               4   ...
  [OK]          Evaluator.Probes.Recursion                               5   ...
  [OK]          Evaluator.Probes.Recursion                               6   ...
  [OK]          Evaluator.Probes.Recursion                               7   ...
  [OK]          Evaluator.Probes.Recursion                               8   ...
  [OK]          Evaluator.Probes.Recursion                               9   ...
  [OK]          Evaluator.Probes.Ascription                              0   ...
  [OK]          Evaluator.Probes.Ascription                              1   ...
  [OK]          Evaluator.Probes.Ascription                              2   ...
  [OK]          Evaluator.Probes.Ascription                              3   ...
  [OK]          Evaluator.Probes.Ascription                              4   ...
  [OK]          Evaluator.Probes.Ascription                              5   ...
  [OK]          Evaluator.Probes.Ascription                              6   ...
  [OK]          Evaluator.Probes.Ascription                              7   ...
  [OK]          Evaluator.Probes.Ascription                              8   ...
  [OK]          Evaluator.Probes.Ascription                              9   ...
  [OK]          Evaluator.Probes.Ascription                             10   ...
  [OK]          Evaluator.Probes.Ascription                             11   ...
  [OK]          Evaluator.Probes.Ascription                             12   ...
  [OK]          Evaluator.Probes.Ascription                             13   ...
  [OK]          Evaluator.Probes.Ascription                             14   ...
  [OK]          Evaluator.Probes.Ascription                             15   ...
  [OK]          Evaluator.Probes.Ascription                             16   ...
  [OK]          Evaluator.Probes.Ascription                             17   ...
  [OK]          Evaluator.Probes.Ascription                             18   ...
  [OK]          Evaluator.Probes.Ascription                             19   ...
  [OK]          Evaluator.Probes.Ascription                             20   ...
  [OK]          Evaluator.Probes.Ascription                             21   ...
  [OK]          Evaluator.Probes.Ascription                             22   ...
  [OK]          Evaluator.Probes.Ascription                             23   ...
  [OK]          Evaluator.Probes.DuplicatePrevention                     0   ...
  [OK]          Evaluator.Probes.DuplicatePrevention                     1   ...
  [OK]          Evaluator.Probes.DuplicatePrevention                     2   ...
  [OK]          Evaluator.Probes.DuplicatePrevention                     3   ...
  [OK]          Evaluator.Probes.DuplicatePrevention                     4   ...
  [OK]          Evaluator.Probes.DuplicatePrevention                     5   ...
  [OK]          Evaluator.Probes.DuplicatePrevention                     6   ...
  [OK]          Evaluator.Probes.DuplicatePrevention                     7   ...
  [OK]          Evaluator.Probes.DuplicatePrevention                     8   ...
  [OK]          Evaluator.Probes.DuplicatePrevention                     9   ...
  [OK]          Evaluator.Probes.DuplicatePrevention                    10   ...
  [OK]          Evaluator.Probes.DuplicatePrevention                    11   ...
  [OK]          Evaluator.Probes.DuplicatePrevention                    12   ...
  [OK]          Evaluator.Probes.Modules                                 0   ...
  [OK]          Evaluator.Probes.Modules                                 1   ...
  [OK]          Evaluator.Probes.Modules                                 2   ...
  [OK]          Evaluator.Probes.Modules                                 3   ...
  [OK]          Evaluator.Probes.Modules                                 4   ...
  [OK]          Evaluator.Probes.Modules                                 5   ...
  [OK]          Evaluator.Probes.Modules                                 6   ...
  [OK]          Evaluator.Probes.Spread                                  0   ...
  [OK]          Evaluator.Probes.Spread                                  1   ...
  [OK]          Evaluator.Probes.Spread                                  2   ...
  [OK]          Evaluator.Probes.Spread                                  3   ...
  [OK]          Evaluator.Probes.Spread                                  4   ...
  [OK]          Evaluator.Probes.Spread                                  5   ...
  [OK]          Evaluator.Probes.Spread                                  6   ...
  [OK]          Evaluator.Probes.Spread                                  7   ...
  [OK]          Evaluator.Probes.Spread                                  8   ...
  [OK]          Evaluator.Probes.Spread                                  9   ...
  [OK]          Evaluator.Probes.Spread                                 10   ...
  [OK]          Evaluator.Probes.Spread                                 11   ...
  [OK]          Evaluator.Probes.CustomStaticsTupleOps                   0   ...
  [OK]          Evaluator.Probes.CustomStaticsTupleOps                   1   ...
  [OK]          Evaluator.Probes.CustomStaticsTupleOps                   2   ...
  [OK]          Evaluator.Probes.CustomStaticsTupleOps                   3   ...
  [OK]          Evaluator.Probes.CustomStaticsTupleOps                   4   ...
  [OK]          Evaluator.Probes.CustomStaticsTupleOps                   5   ...
  [OK]          Evaluator.Probes.CustomStaticsTupleOps                   6   ...
  [OK]          Evaluator.Livelit                                        0   ...
  [OK]          Evaluator.Builtins                                       0   ...
  [OK]          Evaluator.Builtins                                       1   ...
  [OK]          Evaluator.Builtins                                       2   ...
  [OK]          Evaluator.Builtins                                       3   ...
  [OK]          Evaluator.Builtins                                       4   ...
  [OK]          Evaluator.Builtins                                       5   ...
  [OK]          Evaluator.Builtins                                       6   ...
  [OK]          Evaluator.Builtins                                       7   ...
  [OK]          Evaluator.Builtins                                       8   ...
  [OK]          Evaluator.Builtins                                       9   ...
  [OK]          Evaluator.Builtins                                      10   ...
  [OK]          Evaluator.Builtins                                      11   ...
  [OK]          Evaluator.Builtins                                      12   ...
  [OK]          Evaluator.Builtins                                      13   ...
  [OK]          Evaluator.ListBuiltins                                   0   ...
  [OK]          Evaluator.ListBuiltins                                   1   ...
  [OK]          Evaluator.ListBuiltins                                   2   ...
  [OK]          Evaluator.ListBuiltins                                   3   ...
  [OK]          Evaluator.ListBuiltins                                   4   ...
  [OK]          Evaluator.ListBuiltins                                   5   ...
  [OK]          Evaluator.ListBuiltins                                   6   ...
  [OK]          Evaluator.ListBuiltins                                   7   ...
  [OK]          Evaluator.ListBuiltins                                   8   ...
  [OK]          Evaluator.ListBuiltins                                   9   ...
  [OK]          Evaluator.ListBuiltins                                  10   ...
  [OK]          Evaluator.ListBuiltins                                  11   ...
  [OK]          Evaluator.ListBuiltins                                  12   ...
  [OK]          Evaluator.ListBuiltins                                  13   ...
  [OK]          Evaluator.ListBuiltins                                  14   ...
  [OK]          Evaluator.ListBuiltins                                  15   ...
  [OK]          Evaluator.ListBuiltins                                  16   ...
  [OK]          Evaluator.ListBuiltins                                  17   ...
  [OK]          Evaluator.ListBuiltins                                  18   ...
  [OK]          Evaluator.ListBuiltins                                  19   ...
  [OK]          Evaluator.ListBuiltins                                  20   ...
  [OK]          Evaluator.ListBuiltins                                  21   ...
  [OK]          Evaluator.ListBuiltins                                  22   ...
  [OK]          Evaluator.ListBuiltins                                  23   ...
  [OK]          Evaluator.ListBuiltins                                  24   ...
  [OK]          Evaluator.ListBuiltins                                  25   ...
  [OK]          Evaluator.ListBuiltins                                  26   ...
  [OK]          Evaluator.ListBuiltins                                  27   ...
  [OK]          Evaluator.ListBuiltins                                  28   ...
  [OK]          Evaluator.ListBuiltins                                  29   ...
  [OK]          Evaluator.ListBuiltins                                  30   ...
  [OK]          Evaluator.ListBuiltins                                  31   ...
  [OK]          Evaluator.ListBuiltins                                  32   ...
  [OK]          Evaluator.ListBuiltins                                  33   ...
  [OK]          Evaluator.ListBuiltins                                  34   ...
  [OK]          Evaluator.ListBuiltins                                  35   ...
  [OK]          Evaluator.ListBuiltins                                  36   ...
  [OK]          Evaluator.ListBuiltins                                  37   ...
  [OK]          Evaluator.ListBuiltins                                  38   ...
  [OK]          Evaluator.ListBuiltins                                  39   ...
  [OK]          Evaluator.ListBuiltins                                  40   ...
  [OK]          Evaluator.ListBuiltins                                  41   ...
  [OK]          Evaluator.ListBuiltins                                  42   ...
  [OK]          Evaluator.ListBuiltins                                  43   ...
  [OK]          Evaluator.ListBuiltins                                  44   ...
  [OK]          Evaluator.ListBuiltins                                  45   ...
  [OK]          Evaluator.ListBuiltins                                  46   ...
  [OK]          Evaluator.ListBuiltins                                  47   ...
  [OK]          Evaluator.ListBuiltins                                  48   ...
  [OK]          Evaluator.ListBuiltins                                  49   ...
  [OK]          Evaluator.ListBuiltins                                  50   ...
  [OK]          Evaluator.ListBuiltins                                  51   ...
  [OK]          Evaluator.ListBuiltins                                  52   ...
  [OK]          Evaluator.ListBuiltins                                  53   ...
  [OK]          Evaluator.ListBuiltins                                  54   ...
  [OK]          Evaluator.ListBuiltins                                  55   ...
  [OK]          Evaluator.ListBuiltins                                  56   ...
  [OK]          Evaluator.ListBuiltins                                  57   ...
  [OK]          Evaluator.ListBuiltins                                  58   ...
  [OK]          Evaluator.ListBuiltins                                  59   ...
  [OK]          Evaluator.ListBuiltins                                  60   ...
  [OK]          Evaluator.ListBuiltins                                  61   ...
  [OK]          Evaluator.ListBuiltins                                  62   ...
  [OK]          Evaluator.ListBuiltins                                  63   ...
  [OK]          Evaluator.ListBuiltins                                  64   ...
  [OK]          Evaluator.ListBuiltins                                  65   ...
  [OK]          Evaluator.ListBuiltins                                  66   ...
  [OK]          Evaluator.ListBuiltins                                  67   ...
  [OK]          Evaluator.ListBuiltins                                  68   ...
  [OK]          Evaluator.ListBuiltins                                  69   ...
  [OK]          Evaluator.ListBuiltins                                  70   ...
  [OK]          Evaluator.ListBuiltins                                  71   ...
  [OK]          Evaluator.ListBuiltins                                  72   ...
  [OK]          Evaluator.ListBuiltins                                  73   ...
  [OK]          Evaluator.ListBuiltins                                  74   ...
  [SKIP]        Evaluator.ListBuiltins                                  75   ...
  [SKIP]        Evaluator.ListBuiltins                                  76   ...
  [SKIP]        Evaluator.ListBuiltins                                  77   ...
  [SKIP]        Evaluator.ListBuiltins                                  78   ...
  [SKIP]        Evaluator.ListBuiltins                                  79   ...
  [OK]          Evaluator.ListBuiltins                                  80   ...
  [OK]          Evaluator.ListBuiltins                                  81   ...
  [OK]          Evaluator.ListBuiltins                                  82   ...
  [OK]          Evaluator.OptionType                                     0   ...
  [OK]          Evaluator.OptionType                                     1   ...
  [OK]          Evaluator.OptionType                                     2   ...
  [OK]          Evaluator.OptionType                                     3   ...
  [OK]          Evaluator.OptionType                                     4   ...
  [OK]          Evaluator.OptionType                                     5   ...
  [OK]          Evaluator.OptionType                                     6   ...
  [OK]          Evaluator.OptionType                                     7   ...
  [OK]          Evaluator.OptionType                                     8   ...
  [OK]          Evaluator.OptionType                                     9   ...
  [OK]          Evaluator.Case                                           0   ...
  [OK]          Evaluator.Case                                           1   ...
  [OK]          Evaluator.Case                                           2   ...
  [OK]          Evaluator.Case                                           3   ...
  [OK]          Evaluator.Case                                           4   ...
  [OK]          Evaluator.Case                                           5   ...
  [OK]          Evaluator.Case                                           6   ...
  [OK]          Evaluator.Case                                           7   ...
  [OK]          Evaluator.Case                                           8   ...
  [OK]          Evaluator.Case                                           9   ...
  [OK]          Evaluator.Case                                          10   ...
  [OK]          Evaluator.Case                                          11   ...
  [OK]          Evaluator.Functions                                      0   ...
  [OK]          Evaluator.Functions                                      1   ...
  [OK]          Evaluator.Functions                                      2   eg.
  [OK]          Evaluator.Functions                                      3   ...
  [OK]          Evaluator.Functions                                      4   ...
  [OK]          Evaluator.Functions                                      5   ...
  [OK]          Evaluator.Functions                                      6   ...
  [OK]          Evaluator.Functions                                      7   ...
  [OK]          Evaluator.Functions                                      8   ...
  [OK]          Evaluator.Functions                                      9   ...
  [OK]          Evaluator.Functions                                     10   ...
  [OK]          Evaluator.Fixpoints                                      0   ...
  [OK]          Evaluator.Fixpoints                                      1   ...
  [OK]          Evaluator.Fixpoints                                      2   ...
  [OK]          Evaluator.Fixpoints                                      3   ...
  [OK]          Evaluator.Fixpoints                                      4   ...
  [OK]          Evaluator.Fixpoints                                      5   ...
  [OK]          Evaluator.Fixpoints                                      6   ...
  [OK]          Evaluator.Fixpoints                                      7   ...
  [OK]          Evaluator.Fixpoints                                      8   ...
  [OK]          Evaluator.Fixpoints                                      9   ...
  [OK]          Evaluator.List                                           0   ...
  [OK]          Evaluator.List                                           1   ...
  [OK]          Evaluator.List                                           2   ...
  [OK]          Evaluator.List                                           3   ...
  [OK]          Evaluator.List                                           4   ...
  [OK]          Evaluator.List                                           5   ...
  [OK]          Evaluator.Atom                                           0   ...
  [OK]          Evaluator.Atom                                           1   ...
  [OK]          Evaluator.Atom                                           2   ...
  [OK]          Evaluator.Atom                                           3   ...
  [OK]          Evaluator.Atom                                           4   ...
  [OK]          Evaluator.Let                                            0   ...
  [OK]          Evaluator.Let                                            1   ...
  [OK]          Evaluator.Let                                            2   ...
  [OK]          Evaluator.Let                                            3   ...
  [OK]          Evaluator.Let                                            4   ...
  [OK]          Evaluator.Operators                                      0   ...
  [OK]          Evaluator.Operators                                      1   ...
  [OK]          Evaluator.Operators                                      2   ...
  [OK]          Evaluator.Operators                                      3   ...
  [OK]          Evaluator.Operators                                      4   ...
  [OK]          Evaluator.Poly_Equal                                     0   ...
  [OK]          Evaluator.Poly_Equal                                     1   ...
  [OK]          Evaluator.SumTypes                                       0   ...
  [OK]          Evaluator.SumTypes                                       1   ...
  [OK]          Evaluator.SumTypes                                       2   ...
  [OK]          Evaluator.SumTypes                                       3   ...
  [OK]          Evaluator.SumTypes                                       4   ...
  [OK]          Evaluator.BuiltinsTupleOperations                        0   ...
  [OK]          Evaluator.BuiltinsTupleOperations                        1   ...
  [OK]          Evaluator.BuiltinsTupleOperations                        2   ...
  [OK]          Evaluator.BuiltinsTupleOperations                        3   ...
  [OK]          Evaluator.BuiltinsTupleOperations                        4   ...
  [OK]          Evaluator.BuiltinsTupleOperations                        5   ...
  [OK]          Evaluator.BuiltinsTupleOperations                        6   ...
  [OK]          Evaluator.BuiltinsTupleOperations                        7   ...
  [OK]          Evaluator.BuiltinsTupleOperations                        8   ...
  [OK]          Evaluator.BuiltinsTupleOperations                        9   ...
  [OK]          Evaluator.BuiltinsTupleOperations                       10   ...
  [OK]          Evaluator.BuiltinsTupleOperations                       11   ...
  [OK]          Evaluator.BuiltinsTupleOperations                       12   ...
  [OK]          Evaluator.BuiltinsTupleOperations                       13   ...
  [OK]          Evaluator.BuiltinsTupleOperations                       14   ...
  [OK]          Evaluator.BuiltinsTupleOperations                       15   ...
  [OK]          Evaluator.BuiltinsTupleOperations                       16   ...
  [OK]          Evaluator.BuiltinsTupleOperations                       17   ...
  [OK]          Evaluator.TypAp                                          0   ...
  [OK]          Evaluator.Stepper                                        0   ...
  [OK]          Evaluator.Stepper                                        1   ...
  [OK]          Evaluator.Stepper                                        2   ...
  [OK]          StepperBase                                              0   ...
  [OK]          StepperBase                                              1   ...
  [OK]          StepperBase                                              2   ...
  [OK]          StepperBase                                              3   ...
  [OK]          StepperBase                                              4   ...
  [OK]          StepperBase                                              5   ...
  [OK]          StepperBase                                              6   ...
  [OK]          StepperBase                                              7   ...
  [OK]          StepperBase                                              8   ...
  [OK]          StepperBase                                              9   ...
  [OK]          StepperBase                                             10   ...
  [OK]          StepperBase                                             11   ...
  [OK]          StepperBase                                             12   ...
  [OK]          StepperBase                                             13   ...
  [OK]          StepperBase                                             14   ...
  [OK]          StepperBase                                             15   ...
  [OK]          StepperBase                                             16   ...
  [OK]          StepperBase                                             17   ...
  [OK]          StepperBase                                             18   ...
  [OK]          StepperBase                                             19   ...
  [OK]          StepperBase                                             20   ...
  [OK]          StepperBase                                             21   ...
  [OK]          StepperBase                                             22   ...
  [OK]          Evaluator.Properties                                     0   ...
  [OK]          Evaluator.Properties                                     1   ...
  [OK]          Evaluator.Properties                                     2   ...
  [OK]          Evaluator.Properties                                     3   ...
  [SKIP]        Evaluator.Properties                                     4   ...
  [SKIP]        Evaluator.Properties                                     5   ...
  [SKIP]        Evaluator.Properties                                     6   ...
  [SKIP]        Evaluator.Properties                                     7   ...
  [SKIP]        Evaluator.Performance                                    0   ...
  [OK]          Evaluator.Modules                                        0   ...
  [OK]          Evaluator.Modules                                        1   ...
  [OK]          Evaluator.Modules                                        2   ...
  [OK]          Evaluator.Modules                                        3   ...
  [OK]          Evaluator.Modules                                        4   ...
  [OK]          Evaluator.Modules                                        5   ...
  [OK]          Evaluator.Modules                                        6   ...
  [OK]          Evaluator.Modules                                        7   ...
  [OK]          Evaluator.Modules                                        8   ...
  [OK]          Evaluator.Modules                                        9   ...
  [OK]          Evaluator.Modules                                       10   ...
  [OK]          Evaluator.Modules                                       11   ...
  [OK]          Evaluator.Modules                                       12   ...
  [OK]          Evaluator.Modules                                       13   ...
  [OK]          Evaluator.Modules                                       14   ...
  [OK]          Evaluator.Modules                                       15   ...
  [OK]          Evaluator.Modules                                       16   ...
  [OK]          Evaluator.Incremental                                    0   ...
  [OK]          Evaluator.Incremental                                    1   ...
  [OK]          Evaluator.Incremental                                    2   ...
  [OK]          Evaluator.Incremental                                    3   ...
  [OK]          Evaluator.Incremental                                    4   ...
  [OK]          Evaluator.Incremental                                    5   ...
  [OK]          Evaluator.Incremental                                    6   ...
  [OK]          Evaluator.Incremental                                    7   ...
  [OK]          Evaluator.Incremental                                    8   ...
  [OK]          Evaluator.Incremental                                    9   ...
  [OK]          Evaluator.Incremental                                   10   ...
  [OK]          Evaluator.Incremental                                   11   ...
  [OK]          Evaluator.Incremental                                   12   ...
  [OK]          Evaluator.Incremental                                   13   ...
  [OK]          Evaluator.Incremental                                   14   ...
  [OK]          Evaluator.Incremental                                   15   ...
  [OK]          Evaluator.Incremental                                   16   ...
  [OK]          Evaluator.Incremental                                   17   ...
  [OK]          Evaluator.Incremental                                   18   ...
  [OK]          Evaluator.Incremental                                   19   ...
  [OK]          Evaluator.Incremental                                   20   ...
  [OK]          Evaluator.Incremental                                   21   ...
  [OK]          Evaluator.Incremental                                   22   ...
  [OK]          Evaluator.Incremental                                   23   ...
  [OK]          Evaluator.Incremental                                   24   ...
  [OK]          Evaluator.Incremental                                   25   ...
  [OK]          Evaluator.Incremental                                   26   ...
  [OK]          Evaluator.Incremental                                   27   ...
  [OK]          Evaluator.Incremental                                   28   ...
  [OK]          Evaluator.Incremental                                   29   ...
  [OK]          Evaluator.Incremental                                   30   ...
  [OK]          Evaluator.Incremental                                   31   ...
  [OK]          Evaluator.Incremental                                   32   ...
  [OK]          Evaluator.Incremental                                   33   ...
  [OK]          Evaluator.Incremental                                   34   ...
  [OK]          Evaluator.Incremental                                   35   ...
  [OK]          Evaluator.Incremental                                   36   ...
  [OK]          Evaluator.Incremental                                   37   ...
  [OK]          Evaluator.Incremental                                   38   ...
  [OK]          Evaluator.OffDomain                                      0   ...
  [OK]          Evaluator.OffDomain                                      1   ...
  [OK]          Evaluator.OffDomain                                      2   ...
  [OK]          Evaluator.OffDomain                                      3   ...
  [OK]          Evaluator.OffDomain                                      4   ...
  [OK]          Evaluator.ProofMap                                       0   ...
  [OK]          Evaluator.ProofMap                                       1   ...
  [OK]          Evaluator.ProofMap                                       2   ...
  [OK]          Evaluator.ProofMap                                       3   ...
  [OK]          Evaluator.ProofMap                                       4   ...
  [OK]          Evaluator.ProofMap                                       5   ...
  [OK]          Evaluator.ProofMap                                       6   ...
  [OK]          Evaluator.ProofMap                                       7   ...
  [OK]          Evaluator.ProofMap                                       8   ...
  [OK]          Evaluator.ProofMap                                       9   ...
  [OK]          Evaluator.ProofMap                                      10   ...
  [OK]          Evaluator.ProofMap                                      11   ...
  [OK]          Evaluator.ProofMap                                      12   ...
  [OK]          Evaluator.ProofMap                                      13   ...
  [OK]          Evaluator.ProofMap                                      14   ...
  [OK]          Evaluator.ProofMap                                      15   ...
  [OK]          Evaluator.ProofMap                                      16   ...
  [OK]          Evaluator.ProofMap                                      17   ...
  [OK]          Evaluator.ProofMap                                      18   ...
  [OK]          Evaluator.ProofMap                                      19   ...
  [OK]          Evaluator.ProofMap                                      20   ...
  [OK]          Evaluator.ProofMap                                      21   ...
  [OK]          Evaluator.ProofMap                                      22   ...
  [OK]          Evaluator.ProofMap                                      23   ...
  [OK]          Evaluator.ProofMap                                      24   ...
  [OK]          Evaluator.ProofMap                                      25   ...
  [OK]          Evaluator.ProofMap                                      26   ...
  [OK]          Evaluator.ProofMap                                      27   ...
  [OK]          Evaluator.ProofMap                                      28   ...
  [OK]          Evaluator.ProofMap                                      29   ...
  [OK]          Evaluator.ProofMap                                      30   ...
  [OK]          Evaluator.ProofMap                                      31   ...
  [OK]          Evaluator.ProofMap                                      32   ...
  [OK]          Evaluator.ProofMap                                      33   ...
  [OK]          Evaluator.ProofMap                                      34   ...
  [OK]          Evaluator.Definedness                                    0   ...
  [OK]          Evaluator.Definedness                                    1   ...
  [OK]          Evaluator.Definedness                                    2   ...
  [OK]          Evaluator.Definedness                                    3   ...
  [OK]          Evaluator.Definedness                                    4   ...
  [OK]          Evaluator.Definedness                                    5   ...
  [OK]          Evaluator.Definedness                                    6   ...
  [OK]          Evaluator.Definedness                                    7   ...
  [OK]          Evaluator.Definedness                                    8   ...
  [OK]          Evaluator.Definedness                                    9   ...
  [OK]          Evaluator.Definedness                                   10   ...
  [OK]          Evaluator.Definedness                                   11   ...
  [OK]          Evaluator.Definedness                                   12   ...
  [OK]          Evaluator.Definedness                                   13   ...
  [OK]          Evaluator.Definedness                                   14   ...
  [OK]          Evaluator.Definedness                                   15   ...
  [OK]          Evaluator.Definedness                                   16   ...
  [OK]          Evaluator.StructuralRecursion                            0   ...
  [OK]          Evaluator.StructuralRecursion                            1   ...
  [OK]          Evaluator.StructuralRecursion                            2   ...
  [OK]          Evaluator.StructuralRecursion                            3   ...
  [OK]          Evaluator.StructuralRecursion                            4   ...
  [OK]          Evaluator.StructuralRecursion                            5   ...
  [OK]          Evaluator.StructuralRecursion                            6   ...
  [OK]          Evaluator.StructuralRecursion                            7   ...
  [OK]          Evaluator.StructuralRecursion                            8   ...
  [OK]          Evaluator.StructuralRecursion                            9   ...
  [OK]          Evaluator.FunContracts                                   0   ...
  [OK]          Evaluator.FunContracts                                   1   ...
  [OK]          Evaluator.FunContracts                                   2   ...
  [OK]          Evaluator.FunContracts                                   3   ...
  [OK]          Evaluator.FunContracts                                   4   ...
  [OK]          Evaluator.FunContracts                                   5   ...
  [OK]          Evaluator.FunContracts                                   6   ...
  [OK]          Evaluator.FunContracts                                   7   ...
  [OK]          Evaluator.FunContracts                                   8   ...
  [OK]          Evaluator.FunContracts                                   9   ...
  [OK]          ObligationsPanel                                         0   ...
  [OK]          ObligationsPanel                                         1   ...
  [OK]          ObligationsPanel                                         2   ...
  [OK]          ObligationsPanel                                         3   ...
  [OK]          ObligationsPanel                                         4   ...
  [OK]          ObligationsPanel                                         5   ...
  [OK]          ObligationsPanel                                         6   ...
  [OK]          ObligationsPanel                                         7   ...
  [OK]          ObligationsPanel                                         8   ...
  [OK]          ObligationsPanel                                         9   ...
  [OK]          ObligationsPanel                                        10   ...
  [OK]          ObligationsPanel                                        11   ...
  [OK]          ObligationsPanel                                        12   ...
  [OK]          ObligationsPanel                                        13   ...
  [OK]          ObligationsPanel                                        14   ...
  [OK]          ObligationsPanel                                        15   ...
  [OK]          Evaluator.Generalize                                     0   ...
  [OK]          Evaluator.Generalize                                     1   ...
  [OK]          Evaluator.Generalize                                     2   ...
  [OK]          Evaluator.Generalize                                     3   ...
  [OK]          Evaluator.Generalize                                     4   ...
  [OK]          Evaluator.Generalize                                     5   ...
  [OK]          Evaluator.Generalize                                     6   ...
  [OK]          Evaluator.Generalize                                     7   ...
  [OK]          Evaluator.Revert                                         0   ...
  [OK]          Evaluator.Revert                                         1   ...
  [OK]          Evaluator.Revert                                         2   ...
  [OK]          Evaluator.Revert                                         3   ...
  [OK]          Evaluator.Revert                                         4   ...
  [OK]          Evaluator.Revert                                         5   ...
  [OK]          Evaluator.Instantiation                                  0   ...
  [OK]          Evaluator.Instantiation                                  1   ...
  [OK]          Evaluator.Instantiation                                  2   ...
  [OK]          Evaluator.Instantiation                                  3   ...
  [OK]          Evaluator.Instantiation                                  4   ...
  [OK]          Evaluator.Instantiation                                  5   ...
  [OK]          Evaluator.Instantiation                                  6   ...
  [OK]          Evaluator.Instantiation                                  7   ...
  [OK]          Evaluator.Instantiation                                  8   ...
  [OK]          Evaluator.Instantiation                                  9   ...
  [OK]          Evaluator.Instantiation                                 10   ...
  [OK]          Evaluator.MilestoneSTLC                                  0   ...
  [OK]          Evaluator.MilestoneSTLC                                  1   ...
  [OK]          Evaluator.MilestoneSTLC                                  2   ...
  [OK]          Evaluator.MilestoneSTLC                                  3   ...
  [OK]          Evaluator.MilestoneSTLC                                  4   ...
  [OK]          Evaluator.MilestoneSTLC                                  5   ...
  [OK]          Evaluator.MilestoneSTLC                                  6   ...
  [OK]          Evaluator.MilestoneSTLC                                  7   ...
  [OK]          Evaluator.MilestoneSTLC                                  8   ...
  [OK]          Evaluator.MilestoneSTLC                                  9   ...
  [OK]          Evaluator.MilestoneSTLC                                 10   ...
  [OK]          Evaluator.MilestoneSTLC                                 11   ...
  [OK]          Evaluator.MilestoneSTLC                                 12   ...
  [OK]          Evaluator.MilestoneSTLC                                 13   ...
  [OK]          Evaluator.MilestoneSTLC                                 14   ...
  [OK]          Evaluator.MilestoneSTLC                                 15   ...
  [OK]          Evaluator.MilestoneSTLC                                 16   ...
  [OK]          Evaluator.MilestoneSTLC                                 17   ...
  [OK]          Evaluator.MilestoneSTLC                                 18   ...
  [OK]          Evaluator.MilestoneSTLC                                 19   ...
  [OK]          Evaluator.MilestoneSTLC                                 20   ...
  [OK]          Evaluator.MilestoneSTLC                                 21   ...
  [OK]          Evaluator.MilestoneSTLC                                 22   ...
  [OK]          Evaluator.MilestoneSTLC                                 23   ...
  [OK]          Evaluator.MilestoneSTLC                                 24   ...
  [OK]          Evaluator.MilestoneSTLC                                 25   ...
  [OK]          Evaluator.MilestoneSTLC                                 26   ...
  [OK]          Evaluator.MilestoneSTLC                                 27   ...
  [OK]          Evaluator.MilestoneSTLC                                 28   ...
  [OK]          Evaluator.MilestoneSTLC                                 29   ...
  [OK]          Evaluator.ClosureLibrary                                 0   ...
  [OK]          Evaluator.ClosureLibrary                                 1   ...
  [OK]          Evaluator.ClosureLibrary                                 2   ...
  [OK]          Evaluator.ClosureLibrary                                 3   ...
  [OK]          Evaluator.ClosureLibrary                                 4   ...
  [OK]          Evaluator.ClosureLibrary                                 5   ...
  [OK]          Evaluator.ClosureLibrary                                 6   ...
  [OK]          Evaluator.ClosureLibrary                                 7   ...
  [OK]          Evaluator.ClosureLibrary                                 8   ...
  [OK]          Evaluator.ClosureLibrary                                 9   ...
  [OK]          Evaluator.ClosureLibrary                                10   ...
  [OK]          Evaluator.ClosureLibrary                                11   ...
  [OK]          Evaluator.ClosureLibrary                                12   ...
  [OK]          Evaluator.ClosureLibrary                                13   ...
  [OK]          Evaluator.Have                                           0   ...
  [OK]          Evaluator.Have                                           1   ...
  [OK]          Evaluator.Have                                           2   ...
  [OK]          Evaluator.Have                                           3   ...
  [OK]          Evaluator.Have                                           4   ...
  [OK]          Evaluator.Have                                           5   ...
  [OK]          Editing.DragToZeroWidth                                  0   ...
  [OK]          Editing.DragToZeroWidth                                  1   ...
  [OK]          Editing.DragToZeroWidth                                  2   ...
  [OK]          Editing.DragToZeroWidth                                  3   ...
  [OK]          Editing.DragToZeroWidth                                  4   ...
  [OK]          Editing.DragToZeroWidth                                  5   ...
  [OK]          Editing.DragToZeroWidth                                  6   ...
  [OK]          Editing.DragToZeroWidth                                  7   ...
  [OK]          Editing.DragToZeroWidth                                  8   ...
  [OK]          Editing.DragToZeroWidth                                  9   ...
  [OK]          Editing.DragToZeroWidth                                 10   ...
  [OK]          Editing.DragToZeroWidth                                 11   ...
  [OK]          Editing.DragToZeroWidth                                 12   ...
  [OK]          Editing.DragToZeroWidth                                 13   ...
  [OK]          Editing.MoveAfterCharSelect                              0   ...
  [OK]          Editing.MoveAfterCharSelect                              1   ...
  [OK]          Editing.MoveAfterCharSelect                              2   ...
  [OK]          Editing.MoveAfterCharSelect                              3   ...
  [OK]          Editing.SmartSelection                                   0   ...
  [OK]          Editing.SmartSelection                                   1   ...
  [OK]          Editing.SmartSelection                                   2   ...
  [OK]          Editing.SmartSelection                                   3   ...
  [OK]          Editing.SmartSelection                                   4   ...
  [OK]          Editing.SmartSelection                                   5   ...
  [OK]          Editing.SmartSelection                                   6   ...
  [OK]          Editing.SmartSelection                                   7   ...
  [OK]          Editing.SmartSelection                                   8   ...
  [OK]          Editing.SmartSelection                                   9   ...
  [OK]          Editing.SmartSelection                                  10   ...
  [OK]          Editing.SmartSelection                                  11   ...
  [OK]          Editing.SmartSelection                                  12   ...
  [OK]          Editing.SmartSelection                                  13   ...
  [OK]          Editing.SmartSelection                                  14   ...
  [OK]          Editing.SmartSelection                                  15   ...
  [OK]          Editing.SmartSelection                                  16   ...
  [OK]          Editing.Basic                                            0   ...
  [OK]          Editing.Basic                                            1   ...
  [OK]          Editing.Basic                                            2   ...
  [OK]          Editing.Basic                                            3   ...
  [OK]          Editing.Basic                                            4   ...
  [OK]          Editing.Basic                                            5   ...
  [OK]          Editing.Basic                                            6   ...
  [OK]          Editing.Basic                                            7   ...
  [OK]          Editing.Basic                                            8   ...
  [OK]          Editing.Basic                                            9   ...
  [OK]          Editing.Basic                                           10   ...
  [OK]          Editing.Basic                                           11   ...
  [OK]          Editing.Basic                                           12   ...
  [OK]          Editing.Basic                                           13   ...
  [OK]          Editing.Basic                                           14   ...
  [OK]          Editing.Basic                                           15   ...
  [OK]          Editing.Basic                                           16   ...
  [OK]          Editing.Basic                                           17   ...
  [OK]          Editing.Basic                                           18   ...
  [OK]          Editing.Insertion                                        0   ...
  [OK]          Editing.Insertion                                        1   ...
  [OK]          Editing.Insertion                                        2   ...
  [OK]          Editing.Insertion                                        3   ...
  [OK]          Editing.Insertion                                        4   ...
  [OK]          Editing.Insertion                                        5   ...
  [OK]          Editing.Insertion                                        6   ...
  [OK]          Editing.Insertion                                        7   ...
  [OK]          Editing.Insertion                                        8   ...
  [OK]          Editing.Insertion                                        9   ...
  [OK]          Editing.Insertion                                       10   ...
  [OK]          Editing.Insertion                                       11   ...
  [OK]          Editing.Insertion                                       12   ...
  [OK]          Editing.Insertion                                       13   ...
  [OK]          Editing.Insertion                                       14   ...
  [OK]          Editing.Insertion                                       15   ...
  [OK]          Editing.Insertion                                       16   ...
  [OK]          Editing.Insertion                                       17   ...
  [OK]          Editing.Insertion                                       18   ...
  [OK]          Editing.Insertion                                       19   ...
  [OK]          Editing.Insertion                                       20   ...
  [OK]          Editing.Insertion                                       21   ...
  [OK]          Editing.Insertion                                       22   ...
  [OK]          Editing.Insertion                                       23   ...
  [OK]          Editing.Insertion                                       24   ...
  [OK]          Editing.Insertion                                       25   ...
  [OK]          Editing.Insertion                                       26   ...
  [OK]          Editing.Insertion                                       27   ...
  [OK]          Editing.Insertion                                       28   ...
  [OK]          Editing.Insertion                                       29   ...
  [OK]          Editing.Insertion                                       30   ...
  [OK]          Editing.Insertion                                       31   ...
  [OK]          Editing.Insertion                                       32   ...
  [OK]          Editing.Insertion                                       33   ...
  [OK]          Editing.Insertion                                       34   ...
  [OK]          Editing.Insertion                                       35   ...
  [OK]          Editing.Insertion                                       36   ...
  [OK]          Editing.Insertion                                       37   ...
  [OK]          Editing.Insertion                                       38   ...
  [OK]          Editing.Insertion                                       39   ...
  [OK]          Editing.Insertion                                       40   ...
  [OK]          Editing.Insertion                                       41   ...
  [OK]          Editing.Insertion                                       42   ...
  [OK]          Editing.Insertion                                       43   ...
  [OK]          Editing.Insertion                                       44   ...
  [OK]          Editing.Insertion                                       45   ...
  [OK]          Editing.Insertion                                       46   ...
  [OK]          Editing.Insertion                                       47   ...
  [OK]          Editing.Insertion                                       48   ...
  [OK]          Editing.Insertion                                       49   ...
  [OK]          Editing.Insertion                                       50   ...
  [OK]          Editing.Insertion                                       51   ...
  [OK]          Editing.Insertion                                       52   ...
  [OK]          Editing.Insertion                                       53   ...
  [OK]          Editing.Insertion                                       54   ...
  [OK]          Editing.Insertion                                       55   ...
  [OK]          Editing.Insertion                                       56   ...
  [OK]          Editing.Insertion                                       57   ...
  [OK]          Editing.Insertion                                       58   ...
  [OK]          Editing.Insertion                                       59   ...
  [OK]          Editing.Insertion                                       60   ...
  [OK]          Editing.Insertion                                       61   ...
  [OK]          Editing.Insertion                                       62   ...
  [OK]          Editing.Insertion                                       63   ...
  [OK]          Editing.Insertion                                       64   ...
  [OK]          Editing.Insertion                                       65   ...
  [OK]          Editing.Destruction                                      0   ...
  [OK]          Editing.Destruction                                      1   ...
  [OK]          Editing.Destruction                                      2   ...
  [OK]          Editing.Destruction                                      3   ...
  [OK]          Editing.Destruction                                      4   ...
  [OK]          Editing.Destruction                                      5   ...
  [OK]          Editing.Destruction                                      6   ...
  [OK]          Editing.Destruction                                      7   ...
  [OK]          Editing.Destruction                                      8   ...
  [OK]          Editing.Destruction                                      9   ...
  [OK]          Editing.Destruction                                     10   ...
  [OK]          Editing.Destruction                                     11   ...
  [OK]          Editing.Destruction                                     12   ...
  [OK]          Editing.Destruction                                     13   ...
  [OK]          Editing.Destruction                                     14   ...
  [OK]          Editing.Destruction                                     15   ...
  [OK]          Editing.Destruction                                     16   ...
  [OK]          Editing.Destruction                                     17   ...
  [OK]          Editing.Destruction                                     18   ...
  [OK]          Editing.Destruction                                     19   ...
  [OK]          Editing.Destruction                                     20   ...
  [OK]          Editing.Destruction                                     21   ...
  [OK]          Editing.Destruction                                     22   ...
  [OK]          Editing.Destruction                                     23   ...
  [OK]          Editing.Destruction                                     24   ...
  [OK]          Editing.Destruction                                     25   ...
  [OK]          Editing.Destruction                                     26   ...
  [OK]          Editing.Destruction                                     27   ...
  [OK]          Editing.Destruction                                     28   ...
  [OK]          Editing.Destruction                                     29   ...
  [OK]          Editing.Destruction                                     30   ...
  [OK]          Editing.Destruction                                     31   ...
  [OK]          Editing.Destruction                                     32   ...
  [OK]          Editing.Destruction                                     33   ...
  [OK]          Editing.Destruction                                     34   ...
  [OK]          Editing.Destruction                                     35   ...
  [OK]          Editing.Destruction                                     36   ...
  [OK]          Editing.Destruction                                     37   ...
  [OK]          Editing.Destruction                                     38   ...
  [OK]          Editing.Destruction                                     39   ...
  [OK]          Editing.Destruction                                     40   ...
  [OK]          Editing.Destruction                                     41   ...
  [OK]          Editing.Destruction                                     42   ...
  [OK]          Editing.Destruction                                     43   ...
  [OK]          Editing.Format                                           0   ...
  [OK]          Editing.Format                                           1   ...
  [OK]          Editing.CaseIndent                                       0   ...
  [OK]          Editing.CaseIndent                                       1   ...
  [OK]          Editing.NestedCase                                       0   ...
  [OK]          Editing.NestedCase                                       1   ...
  [OK]          Editing.NestedCase                                       2   ...
  [OK]          Editing.NestedCase                                       3   ...
  [OK]          Editing.NestedCase                                       4   ...
  [OK]          Editing.CommaIndent                                      0   ...
  [OK]          Editing.CommaIndent                                      1   ...
  [OK]          Editing.InsertInMiddle                                   0   ...
  [OK]          Editing.InsertInMiddle                                   1   ...
  [OK]          Editing.InsertInMiddle                                   2   ...
  [OK]          Editing.InsertInMiddle                                   3   ...
  [OK]          Editing.InsertInMiddle                                   4   ...
  [OK]          Editing.InsertInMiddle                                   5   ...
  [OK]          Editing.InsertInMiddle                                   6   ...
  [OK]          Editing.InsertInMiddle                                   7   ...
  [OK]          Editing.InsertInMiddle                                   8   ...
  [OK]          Editing.InsertInMiddle                                   9   ...
  [OK]          Editing.InsertInMiddle                                  10   ...
  [OK]          Editing.Move                                             0   ...
  [OK]          Editing.Move                                             1   ...
  [OK]          Editing.Move                                             2   ...
  [OK]          Editing.Move                                             3   ...
  [OK]          Editing.Move                                             4   ...
  [OK]          Editing.Move                                             5   ...
  [OK]          Editing.Move                                             6   ...
  [OK]          Editing.Move                                             7   ...
  [OK]          Editing.Move                                             8   ...
  [OK]          Editing.Move                                             9   ...
  [OK]          Editing.Move                                            10   ...
  [OK]          Editing.Move                                            11   ...
  [OK]          Editing.Move                                            12   ...
  [OK]          Editing.Move                                            13   ...
  [OK]          Editing.Move                                            14   ...
  [OK]          Editing.Move                                            15   ...
  [OK]          Editing.Move                                            16   ...
  [OK]          Editing.Move                                            17   ...
  [OK]          Editing.Move                                            18   ...
  [OK]          Editing.Move                                            19   ...
  [OK]          Editing.Move                                            20   ...
  [OK]          Editing.Move                                            21   ...
  [OK]          Editing.Move                                            22   ...
  [OK]          Editing.Move                                            23   ...
  [OK]          Editing.Move                                            24   ...
  [OK]          Editing.Move                                            25   ...
  [OK]          Editing.Move                                            26   ...
  [OK]          Editing.Move                                            27   ...
  [OK]          Editing.Move                                            28   ...
  [OK]          Editing.Move                                            29   ...
  [OK]          Editing.Move                                            30   ...
  [OK]          Editing.Move                                            31   ...
  [OK]          Editing.Selection                                        0   ...
  [OK]          Editing.Selection                                        1   ...
  [OK]          Editing.Selection                                        2   ...
  [OK]          Editing.Selection                                        3   ...
  [OK]          Editing.Selection                                        4   ...
  [OK]          Editing.Selection                                        5   ...
  [OK]          Editing.Selection                                        6   ...
  [OK]          Editing.Selection                                        7   ...
  [OK]          Editing.Selection                                        8   ...
  [OK]          Editing.Selection                                        9   ...
  [OK]          Editing.Selection                                       10   ...
  [OK]          Editing.Selection                                       11   ...
  [OK]          Editing.Selection                                       12   ...
  [OK]          Editing.Selection                                       13   ...
  [OK]          Editing.Selection                                       14   ...
  [OK]          Editing.Selection                                       15   ...
  [OK]          Editing.Selection                                       16   ...
  [OK]          Editing.Selection                                       17   ...
  [OK]          Editing.Selection                                       18   ...
  [OK]          Editing.Selection                                       19   ...
  [OK]          Editing.Selection                                       20   ...
  [OK]          Editing.Selection                                       21   ...
  [OK]          Editing.Selection                                       22   ...
  [OK]          Editing.Selection                                       23   ...
  [OK]          Editing.Selection                                       24   ...
  [OK]          Editing.Selection                                       25   ...
  [OK]          Editing.Selection                                       26   ...
  [OK]          Editing.Selection                                       27   ...
  [OK]          Editing.Selection                                       28   ...
  [OK]          Editing.Selection                                       29   ...
  [OK]          Editing.Selection                                       30   ...
  [OK]          Editing.Selection                                       31   ...
  [OK]          Editing.Selection                                       32   ...
  [OK]          Editing.Selection                                       33   ...
  [OK]          Editing.Selection                                       34   ...
  [OK]          Editing.Selection                                       35   ...
  [OK]          Editing.Selection                                       36   ...
  [OK]          Editing.Selection                                       37   ...
  [OK]          Editing.Selection                                       38   ...
  [OK]          Editing.Selection                                       39   ...
  [OK]          Editing.Selection                                       40   ...
  [OK]          Editing.Selection                                       41   ...
  [OK]          Editing.Selection                                       42   ...
  [OK]          Editing.Selection                                       43   ...
  [OK]          Editing.Selection                                       44   ...
  [OK]          Editing.Selection                                       45   ...
  [OK]          Editing.Selection                                       46   ...
  [OK]          Editing.Selection                                       47   ...
  [OK]          Editing.Selection                                       48   ...
  [OK]          Editing.Selection                                       49   ...
  [OK]          Editing.Selection                                       50   ...
  [OK]          Editing.Selection                                       51   ...
  [OK]          Editing.Selection                                       52   ...
  [OK]          Editing.Selection                                       53   ...
  [OK]          Editing.Selection                                       54   ...
  [OK]          Editing.Selection                                       55   ...
  [OK]          Editing.Selection                                       56   ...
  [OK]          Editing.Selection                                       57   ...
  [OK]          Editing.Selection                                       58   ...
  [OK]          Editing.Selection                                       59   ...
  [OK]          Editing.Selection                                       60   ...
  [OK]          Editing.Selection                                       61   ...
  [OK]          Editing.Selection                                       62   ...
  [OK]          Editing.Selection                                       63   ...
  [OK]          Editing.Selection                                       64   ...
  [OK]          Editing.Selection                                       65   ...
  [OK]          Editing.Selection                                       66   ...
  [OK]          Editing.Selection                                       67   ...
  [OK]          Editing.Selection                                       68   ...
  [OK]          Editing.Selection                                       69   ...
  [OK]          Editing.Selection                                       70   ...
  [OK]          Editing.Selection                                       71   ...
  [OK]          Editing.Selection                                       72   ...
  [OK]          Editing.Selection                                       73   ...
  [OK]          Editing.Selection                                       74   ...
  [OK]          Editing.Selection                                       75   ...
  [OK]          Editing.Selection                                       76   ...
  [OK]          Editing.Selection                                       77   ...
  [OK]          Editing.Selection                                       78   ...
  [OK]          Editing.Selection                                       79   ...
  [OK]          Editing.Selection                                       80   ...
  [OK]          Editing.Selection                                       81   ...
  [OK]          Editing.Selection                                       82   ...
  [OK]          Editing.Selection                                       83   ...
  [OK]          Editing.Selection                                       84   ...
  [OK]          Editing.Selection                                       85   ...
  [OK]          Editing.Selection                                       86   ...
  [OK]          Editing.Selection                                       87   ...
  [OK]          Editing.Selection                                       88   ...
  [OK]          Editing.Selection                                       89   ...
  [OK]          Editing.Selection                                       90   ...
  [OK]          Editing.Selection                                       91   ...
  [OK]          Editing.Selection                                       92   ...
  [OK]          Editing.Selection                                       93   ...
  [OK]          Editing.Selection                                       94   ...
  [OK]          Editing.Selection                                       95   ...
  [OK]          Editing.Selection                                       96   ...
  [OK]          Editing.Selection                                       97   ...
  [OK]          Editing.Selection                                       98   ...
  [OK]          Editing.Selection                                       99   ...
  [OK]          Editing.Selection                                      100   ...
  [OK]          Editing.Selection                                      101   ...
  [OK]          Editing.Selection                                      102   ...
  [OK]          Editing.Selection                                      103   ...
  [OK]          Editing.Selection                                      104   ...
  [OK]          Editing.Selection                                      105   ...
  [OK]          Editing.Selection                                      106   ...
  [OK]          Editing.Selection                                      107   ...
  [OK]          Editing.Selection                                      108   ...
  [OK]          Editing.Selection                                      109   ...
  [OK]          Editing.Selection                                      110   ...
  [OK]          Editing.Selection                                      111   ...
  [OK]          Editing.Selection                                      112   ...
  [OK]          Editing.Selection                                      113   ...
  [OK]          Editing.Selection                                      114   ...
  [OK]          Editing.Selection                                      115   ...
  [OK]          Editing.Selection                                      116   ...
  [OK]          Editing.Selection                                      117   ...
  [OK]          Editing.Selection                                      118   ...
  [OK]          Editing.Rescan                                           0   ...
  [OK]          Editing.Rescan                                           1   ...
  [OK]          Editing.Rescan                                           2   ...
  [OK]          Editing.Rescan                                           3   ...
  [OK]          Editing.Rescan                                           4   ...
  [OK]          Editing.Rescan                                           5   ...
  [OK]          Editing.Rescan                                           6   ...
  [OK]          Editing.Rescan                                           7   ...
  [OK]          Editing.Rescan                                           8   ...
  [OK]          Editing.Rescan                                           9   ...
  [OK]          Editing.Rescan                                          10   ...
  [OK]          Editing.Paste                                            0   ...
  [OK]          Editing.Paste                                            1   ...
  [OK]          Editing.Paste                                            2   ...
  [OK]          Editing.Paste                                            3   ...
  [OK]          Editing.Paste                                            4   ...
  [OK]          Editing.Paste                                            5   ...
  [OK]          Editing.Paste                                            6   ...
  [OK]          Editing.Paste                                            7   ...
  [OK]          Editing.Paste                                            8   ...
  [OK]          Editing.Paste                                            9   ...
  [OK]          Editing.Paste                                           10   ...
  [OK]          Editing.Paste                                           11   ...
  [OK]          Editing.Paste                                           12   ...
  [OK]          Editing.Paste                                           13   ...
  [OK]          Editing.Paste                                           14   ...
  [OK]          Editing.Paste                                           15   ...
  [OK]          Editing.Paste                                           16   ...
  [OK]          Editing.Module                                           0   ...
  [OK]          Editing.Module                                           1   ...
  [OK]          Editing.Module                                           2   ...
  [OK]          Editing.Module                                           3   ...
  [OK]          Editing.Module                                           4   ...
  [OK]          Editing.Module                                           5   ...
  [OK]          Editing.Module                                           6   ...
  [OK]          Editing.Module                                           7   ...
  [OK]          Editing.Module                                           8   ...
  [OK]          Editing.ShardTheft                                       0   ...
  [OK]          Editing.ShardTheft                                       1   ...
  [OK]          Editing.ShardTheft                                       2   ...
  [OK]          Editing.ShardTheft                                       3   ...
  [OK]          Editing.ShardTheft                                       4   ...
  [OK]          Editing.ShardTheft                                       5   ...
  [OK]          Editing.ShardTheft                                       6   ...
  [OK]          Editing.ShardTheft                                       7   ...
  [OK]          Editing.ShardTheft                                       8   ...
  [OK]          Editing.SegmentCache                                     0   ...
  [OK]          Editing.SegmentCache                                     1   ...
  [OK]          Editing.SegmentCache                                     2   ...
  [OK]          Editing.SegmentCache                                     3   ...
  [OK]          Editing.SegmentCache                                     4   ...
  [OK]          Editing.SegmentCache                                     5   ...
  [OK]          Editing.RemoldSort                                       0   ...
  [OK]          Editing.RemoldSort                                       1   ...
  [OK]          Editing.WrapSelection                                    0   ...
  [OK]          Editing.WrapSelection                                    1   ...
  [OK]          Editing.WrapSelection                                    2   ...
  [OK]          Editing.WrapSelection                                    3   ...
  [OK]          Editing.WrapSelection                                    4   ...
  [OK]          Editing.WrapSelection                                    5   ...
  [OK]          Editing.WrapSelection                                    6   ...
  [OK]          Editing.WrapSelection                                    7   ...
  [OK]          Editing.WrapSelection                                    8   ...
  [OK]          Editing.WrapSelection                                    9   ...
  [OK]          Editing.WrapSelection                                   10   ...
  [OK]          Editing.WrapSelection                                   11   ...
  [OK]          Editing.WrapSelection                                   12   ...
  [OK]          Editing.WrapSelection                                   13   ...
  [OK]          Editing.WrapSelection                                   14   ...
  [OK]          Editing.WrapSelection                                   15   ...
  [OK]          Editing.WrapSelection                                   16   ...
  [OK]          Editing.WrapSelection                                   17   ...
  [OK]          Editing.WrapSelection                                   18   ...
  [OK]          Editing.WrapSelection                                   19   ...
  [OK]          Editing.WrapSelection                                   20   ...
  [OK]          Editing.WrapSelection                                   21   ...
  [OK]          Editing.WrapCalculate                                    0   ...
  [OK]          Editing.UnwrapQuote                                      0   ...
  [OK]          Editing.UnwrapQuote                                      1   ...
  [OK]          Editing.UnwrapQuote                                      2   ...
  [OK]          Editing.UnwrapQuote                                      3   ...
  [OK]          Editing.UnwrapQuote                                      4   ...
  [OK]          Editing.UnwrapQuote                                      5   ...
  [OK]          Editing.UnwrapQuote                                      6   ...
  [OK]          Editing.UnwrapQuote                                      7   ...
  [OK]          Editing.UnwrapQuote                                      8   ...
  [OK]          Editing.UnwrapQuote                                      9   ...
  [OK]          Editing.UnwrapQuote                                     10   ...
  [OK]          Editing.UnwrapQuote                                     11   ...
  [OK]          Editing.UnwrapQuote                                     12   ...
  [OK]          Editing.CommentToggle                                    0   ...
  [OK]          Editing.CommentToggle                                    1   ...
  [OK]          Editing.CommentToggle                                    2   ...
  [OK]          Editing.CommentToggle                                    3   ...
  [OK]          Editing.CommentToggle                                    4   ...
  [OK]          Editing.CommentToggle                                    5   ...
  [OK]          Editing.CommentToggle                                    6   ...
  [OK]          Editing.CommentToggle                                    7   ...
  [OK]          Editing.CommentToggle                                    8   ...
  [OK]          Editing.CommentToggle                                    9   ...
  [OK]          Editing.CommentToggle                                   10   ...
  [OK]          Editing.CommentToggle                                   11   ...
  [OK]          Editing.CommentToggle                                   12   ...
  [OK]          Editing.CommentRemold                                    0   ...
  [OK]          Editing.CommentRemold                                    1   ...
  [OK]          Editing.CommentRemold                                    2   ...
  [OK]          Editing.CommentToggleExtra                               0   ...
  [OK]          Editing.CommentToggleExtra                               1   ...
  [OK]          Editing.CommentToggleExtra                               2   ...
  [OK]          Editing.CommentToggleExtra                               3   ...
  [OK]          Editing.CommentToggleExtra                               4   ...
  [OK]          Editing.AncestorSort                                     0   ...
  [OK]          Editing.AncestorSort                                     1   ...
  [OK]          Editing.AncestorSort                                     2   ...
  [OK]          Editing.IncompleteListDump                               0   ...
  [OK]          Editing.IncompleteListDump                               1   ...
  [OK]          Editing.IncompleteListDump                               2   ...
  [OK]          Editing.CharSelection                                    0   ...
  [OK]          Editing.CharSelection                                    1   ...
  [OK]          Editing.CharSelection                                    2   ...
  [OK]          Editing.CharSelection                                    3   ...
  [OK]          Editing.CharSelection                                    4   ...
  [OK]          Editing.CharSelection                                    5   ...
  [OK]          Editing.CharSelection                                    6   ...
  [OK]          Editing.CharSelection                                    7   ...
  [OK]          Editing.CharSelection                                    8   ...
  [OK]          Editing.CharSelection                                    9   ...
  [OK]          Editing.CharSelection                                   10   ...
  [OK]          Editing.CharSelection                                   11   ...
  [OK]          Editing.CharSelection                                   12   ...
  [OK]          Editing.CharSelection                                   13   ...
  [OK]          Editing.CharSelection                                   14   ...
  [OK]          Editing.CharSelection                                   15   ...
  [OK]          Editing.CharSelection                                   16   ...
  [OK]          Editing.CharSelection                                   17   ...
  [OK]          Editing.CharSelection                                   18   ...
  [OK]          Editing.CharSelection                                   19   ...
  [OK]          Editing.CharSelection                                   20   ...
  [OK]          Editing.CharSelection                                   21   ...
  [OK]          Editing.CharSelection                                   22   ...
  [OK]          Editing.CharSelection                                   23   ...
  [OK]          Editing.CharSelection                                   24   ...
  [OK]          Editing.CharSelection                                   25   ...
  [OK]          Editing.CharSelection                                   26   ...
  [OK]          Editing.CharSelection                                   27   ...
  [OK]          Editing.CharSelection                                   28   ...
  [OK]          Editing.CharSelection                                   29   ...
  [OK]          Editing.CharSelection                                   30   ...
  [OK]          Editing.CharSelection                                   31   ...
  [OK]          Editing.CharSelection                                   32   ...
  [OK]          Editing.CharSelection                                   33   ...
  [OK]          Editing.CharSelection                                   34   ...
  [OK]          Editing.CharSelection                                   35   ...
  [OK]          Editing.CharSelection                                   36   ...
  [OK]          Editing.CharSelection                                   37   ...
  [OK]          Editing.CharSelection                                   38   ...
  [OK]          Editing.CharSelection                                   39   ...
  [OK]          Editing.CharSelection                                   40   ...
  [OK]          Editing.CharSelection                                   41   ...
  [OK]          Editing.CharSelection                                   42   ...
  [OK]          Editing.CharSelection                                   43   ...
  [OK]          Editing.CharSelection                                   44   ...
  [OK]          Editing.CharSelection                                   45   ...
  [OK]          Editing.CharSelection                                   46   ...
  [OK]          Editing.CharSelection                                   47   ...
  [OK]          Editing.CharSelection                                   48   ...
  [OK]          Editing.CharSelection                                   49   ...
  [OK]          Editing.CharSelection                                   50   ...
  [OK]          Editing.CharSelection                                   51   ...
  [OK]          Editing.CharSelection                                   52   ...
  [OK]          Editing.CharSelection                                   53   ...
  [OK]          Editing.CharSelection                                   54   ...
  [OK]          Editing.CharSelection                                   55   ...
  [OK]          Editing.CharSelection                                   56   ...
  [OK]          Editing.CharSelection                                   57   ...
  [OK]          Editing.CharSelection                                   58   ...
  [OK]          Editing.CharSelection                                   59   ...
  [OK]          Editing.CharSelection                                   60   ...
  [OK]          Editing.CharSelection                                   61   ...
  [OK]          Editing.CharSelection                                   62   ...
  [OK]          Editing.CharSelection                                   63   ...
  [OK]          Editing.CharSelection                                   64   ...
  [OK]          Editing.CharSelection                                   65   ...
  [OK]          Editing.CharSelection                                   66   ...
  [OK]          Editing.MultiDelimSelectionBugs                          0   ...
  [OK]          Editing.MultiDelimSelectionBugs                          1   ...
  [OK]          Editing.MultiDelimSelectionBugs                          2   ...
  [OK]          Editing.MultiDelimSelectionBugs                          3   ...
  [OK]          Editing.MultiDelimSelectionBugs                          4   ...
  [OK]          Editing.MultiDelimSelectionBugs                          5   ...
  [OK]          Editing.MultiDelimSelectionBugs                          6   ...
  [OK]          Editing.MultiDelimSelectionBugs                          7   ...
  [OK]          Editing.MultiDelimSelectionBugs                          8   ...
  [OK]          Editing.MultiDelimSelectionBugs                          9   ...
  [OK]          Editing.MultiDelimSelectionBugs                         10   ...
  [OK]          Editing.MultiDelimSelectionBugs                         11   ...
  [OK]          Editing.MultiDelimSelectionBugs                         12   ...
  [OK]          Editing.MultiDelimSelectionBugs                         13   ...
  [OK]          Editing.MultiDelimSelectionBugs                         14   ...
  [OK]          Editing.MultiDelimSelectionBugs                         15   ...
  [OK]          Editing.MultiDelimSelectionBugs                         16   ...
  [OK]          Editing.MultiDelimSelectionBugs                         17   ...
  [OK]          Editing.MultiDelimSelectionBugs                         18   ...
  [OK]          Editing.MultiDelimSelectionBugs                         19   ...
  [OK]          Editing.MultiDelimSelectionBugs                         20   ...
  [OK]          Editing.MultiDelimSelectionBugs                         21   ...
  [OK]          Editing.MultiDelimSelectionBugs                         22   ...
  [OK]          Editing.MultiDelimSelectionBugs                         23   ...
  [OK]          Editing.MultiDelimSelectionBugs                         24   ...
  [OK]          Editing.MultiDelimBackpackBugs                           0   ...
  [OK]          Editing.MultiDelimBackpackBugs                           1   ...
  [OK]          Editing.MultiDelimBackpackBugs                           2   ...
  [OK]          Editing.MultiDelimBackpackBugs                           3   ...
  [OK]          Editing.MultiDelimBackpackBugs                           4   ...
  [OK]          Editing.MultiDelimBackpackBugs                           5   ...
  [OK]          Editing.MultiDelimBackpackBugs                           6   ...
  [OK]          Editing.MultiDelimBackpackBugs                           7   ...
  [OK]          Editing.MultiDelimBackpackBugs                           8   ...
  [OK]          Editing.MultiDelimBackpackBugs                           9   ...
  [OK]          Editing.MultiDelimBackpackBugs                          10   ...
  [OK]          Editing.CrossBoundary                                    0   ...
  [OK]          Editing.CrossBoundary                                    1   ...
  [OK]          Editing.CrossBoundary                                    2   ...
  [OK]          Editing.CrossBoundary                                    3   ...
  [OK]          Editing.CrossBoundary                                    4   ...
  [OK]          Editing.CrossBoundary                                    5   ...
  [OK]          Editing.CrossBoundary                                    6   ...
  [OK]          Editing.CrossBoundary                                    7   ...
  [OK]          Editing.CrossBoundary                                    8   ...
  [OK]          Editing.CrossBoundary                                    9   ...
  [OK]          Editing.CrossBoundary                                   10   ...
  [OK]          Editing.CrossBoundary                                   11   ...
  [OK]          Editing.CrossBoundary                                   12   ...
  [OK]          Editing.CrossBoundary                                   13   ...
  [OK]          Editing.CrossBoundary                                   14   ...
  [OK]          Editing.CrossBoundary                                   15   ...
  [OK]          Editing.CrossBoundary                                   16   ...
  [OK]          Editing.CrossBoundary                                   17   ...
  [OK]          Editing.CrossBoundary                                   18   ...
  [OK]          Editing.CrossBoundary                                   19   ...
  [OK]          Editing.CrossBoundary                                   20   ...
  [OK]          Editing.CrossBoundary                                   21   ...
  [OK]          Editing.CrossBoundary                                   22   ...
  [OK]          Editing.CrossBoundary                                   23   ...
  [OK]          Editing.CrossBoundary                                   24   ...
  [OK]          Editing.CrossBoundary                                   25   ...
  [OK]          Editing.CrossBoundary                                   26   ...
  [OK]          Editing.CrossBoundary                                   27   ...
  [OK]          Editing.CrossBoundary                                   28   ...
  [OK]          Editing.CrossBoundary                                   29   ...
  [OK]          Editing.CrossBoundary                                   30   ...
  [OK]          Editing.CrossBoundary                                   31   ...
  [OK]          Editing.InnerDestruct                                    0   ...
  [OK]          Editing.InnerDestruct                                    1   ...
  [OK]          Editing.InnerDestruct                                    2   ...
  [OK]          Editing.InnerDestruct                                    3   ...
  [OK]          Editing.InnerDestruct                                    4   ...
  [OK]          Editing.InnerDestruct                                    5   ...
  [OK]          Editing.Grapheme                                         0   ...
  [OK]          Editing.Grapheme                                         1   ...
  [OK]          Editing.Grapheme                                         2   ...
  [OK]          Editing.Grapheme                                         3   ...
  [OK]          Editing.Grapheme                                         4   ...
  [OK]          Editing.Grapheme                                         5   ...
  [OK]          Editing.Grapheme                                         6   ...
  [OK]          Editing.Grapheme                                         7   ...
  [OK]          Editing.Grapheme                                         8   ...
  [OK]          Editing.Grapheme                                         9   ...
  [OK]          Editing.Grapheme                                        10   ...
  [OK]          Editing.Grapheme                                        11   ...
  [OK]          Editing.Grapheme                                        12   ...
  [OK]          Editing.Grapheme                                        13   ...
  [OK]          Editing.Grapheme                                        14   ...
  [OK]          Editing.Grapheme                                        15   ...
  [OK]          EditorTransform                                          0   ...
  [OK]          EditorTransform                                          1   ...
  [OK]          EditorTransform                                          2   ...
  [OK]          EditorTransform                                          3   ...
  [OK]          EditorTransform                                          4   ...
  [OK]          EditorTransform                                          5   ...
  [OK]          EditorTransform                                          6   ...
  [OK]          EditorTransform                                          7   ...
  [OK]          EditorTransform                                          8   ...
  [OK]          EditorTransform                                          9   ...
  [OK]          EditorTransform                                         10   ...
  [OK]          EditorTransform                                         11   ...
  [OK]          EditorTransform                                         12   ...
  [OK]          EditorTransform                                         13   ...
  [OK]          EditorTransform                                         14   ...
  [OK]          EditorTransform                                         15   ...
  [OK]          EditorTransform                                         16   ...
  [OK]          EditorTransform                                         17   ...
  [OK]          EditorTransform                                         18   ...
  [OK]          EditorTransform                                         19   ...
  [OK]          EditorTransform                                         20   ...
  [OK]          EditorTransform                                         21   ...
  [OK]          EditorTransform                                         22   ...
  [OK]          EditorTransform                                         23   ...
  [OK]          EditorTransform                                         24   ...
  [OK]          EditorTransform                                         25   ...
  [OK]          EditorTransform                                         26   ...
  [OK]          Editing.DeepReassociate                                  0   ...
  [OK]          Editing.DeepReassociate                                  1   ...
  [OK]          Editing.DeepReassociate                                  2   ...
  [OK]          Editing.DeepReassociate                                  3   ...
  [OK]          Editing.DeepReassociate                                  4   ...
  [OK]          Editing.DeepReassociate                                  5   ...
  [OK]          Editing.DeepReassociate                                  6   ...
  [OK]          Editing.DeepReassociate                                  7   ...
  [OK]          Editing.DeepReassociate                                  8   ...
  [OK]          Editing.DeepReassociate                                  9   ...
  [OK]          Editing.DeepReassociate                                 10   ...
  [OK]          Editing.DeepReassociate                                 11   ...
  [OK]          Editing.DeepReassociate                                 12   ...
  [OK]          Editing.DeepReassociate                                 13   ...
  [OK]          Editing.DeepReassociate                                 14   ...
  [OK]          Editing.DeepReassociate                                 15   ...
  [OK]          Editing.DeepReassociate                                 16   ...
  [OK]          Editing.DeepReassociate                                 17   ...
  [OK]          Editing.DeepReassociate                                 18   ...
  [OK]          Editing.DeepReassociate                                 19   ...
  [OK]          Editing.DeepReassociate                                 20   ...
  [OK]          Editing.CommentToggleReassociate                         0   ...
  [OK]          Editing.WrapReassociate                                  0   ...
  [OK]          Editing.WrapReassociate                                  1   ...
  [OK]          Editing.ReassociateRegressions                           0   ...
  [OK]          Editing.ReassociateRegressions                           1   ...
  [OK]          Editing.ReassociateRegressions                           2   ...
  [OK]          Editing.ReassociateRegressions                           3   ...
  [OK]          Editing.ReassociateRegressions                           4   ...
  [OK]          MultiProbe.Basic                                         0   ...
  [OK]          MultiProbe.Basic                                         1   ...
  [OK]          MultiProbe.Basic                                         2   ...
  [OK]          MultiProbe.DefaultSelection                              0   ...
  [OK]          MultiProbe.DefaultSelection                              1   ...
  [OK]          MultiProbe.HoleAvoidance                                 0   ...
  [OK]          MultiProbe.HoleAvoidance                                 1   ...
  [OK]          MultiProbe.Containers                                    0   ...
  [OK]          MultiProbe.Containers                                    1   ...
  [OK]          MultiProbe.Containers                                    2   ...
  [OK]          MultiProbe.Containers                                    3   ...
  [OK]          MultiProbe.Containers                                    4   ...
  [OK]          MultiProbe.Containers                                    5   ...
  [OK]          MultiProbe.TupLabels                                     0   ...
  [OK]          MultiProbe.TupLabels                                     1   ...
  [OK]          MultiProbe.LetExpressions                                0   ...
  [OK]          MultiProbe.LetExpressions                                1   ...
  [OK]          MultiProbe.LetExpressions                                2   ...
  [OK]          MultiProbe.LetExpressions                                3   ...
  [OK]          MultiProbe.LetExpressions                                4   ...
  [OK]          MultiProbe.IfExpressions                                 0   ...
  [OK]          MultiProbe.IfExpressions                                 1   ...
  [OK]          MultiProbe.IfExpressions                                 2   ...
  [OK]          MultiProbe.IfExpressions                                 3   ...
  [OK]          MultiProbe.FunctionTypes                                 0   ...
  [OK]          MultiProbe.CaseExpressions                               0   ...
  [OK]          MultiProbe.CaseExpressions                               1   ...
  [OK]          MultiProbe.CaseExpressions                               2   ...
  [OK]          MultiProbe.IncompleteBindingForms                        0   ...
  [OK]          MultiProbe.IncompleteBindingForms                        1   ...
  [OK]          MultiProbe.DelimiterPrefixes                             0   ...
  [OK]          MultiProbe.Modules                                       0   ...
  [OK]          MultiProbe.Modules                                       1   ...
  [OK]          MultiProbe.Modules                                       2   ...
  [OK]          MultiProbe.Modules                                       3   ...
  [OK]          MultiProbe.Modules                                       4   ...
  [OK]          MultiProbe.ModuleSig                                     0   ...
  [OK]          MultiProbe.ModuleSig                                     1   ...
  [OK]          SampleSelection                                          0   ...
  [OK]          SampleSelection                                          1   ...
  [OK]          SampleSelection                                          2   ...
  [OK]          SampleSelection                                          3   ...
  [OK]          SampleSelection                                          4   ...
  [OK]          SampleSelection                                          5   ...
  [OK]          SampleSelection                                          6   ...
  [OK]          SampleSelection                                          7   ...
  [OK]          SampleSelection                                          8   ...
  [OK]          SampleSelection                                          9   ...
  [OK]          SampleSelection                                         10   ...
  [OK]          SampleSelection                                         11   ...
  [OK]          SampleSelection                                         12   ...
  [OK]          SampleSelection                                         13   ...
  [OK]          SampleSelection                                         14   ...
  [OK]          SampleSelection                                         15   ...
  [OK]          SampleSelection                                         16   ...
  [OK]          SampleSelection                                         17   ...
  [OK]          SampleSelection                                         18   ...
  [OK]          SampleSelection                                         19   ...
  [OK]          SampleSelection                                         20   ...
  [OK]          SampleSelection                                         21   ...
  [OK]          SampleSelection                                         22   ...
  [OK]          SampleSelection                                         23   ...
  [OK]          SampleSelection                                         24   ...
  [OK]          SampleSelection                                         25   ...
  [OK]          SampleSelection                                         26   ...
  [OK]          SampleSelection                                         27   ...
  [OK]          SampleSelection                                         28   ...
  [OK]          SampleSelection                                         29   ...
  [OK]          SampleSelection                                         30   ...
  [OK]          SampleSelection                                         31   ...
  [OK]          SampleSelection                                         32   ...
  [OK]          SampleSelection                                         33   ...
  [OK]          SampleSelection                                         34   ...
  [OK]          SampleSelection                                         35   ...
  [OK]          SampleSelection                                         36   ...
  [OK]          SampleSelection                                         37   ...
  [OK]          SampleSelection                                         38   ...
  [OK]          SampleSelection                                         39   ...
  [OK]          SampleSelection                                         40   ...
  [OK]          SampleSelection                                         41   ...
  [OK]          SampleSelection                                         42   ...
  [OK]          SampleSelection                                         43   ...
  [OK]          SampleSelection                                         44   ...
  [OK]          SampleSelection                                         45   ...
  [OK]          SampleSelection                                         46   ...
  [OK]          SampleSelection                                         47   ...
  [OK]          SampleSelection                                         48   ...
  [OK]          SampleSelection                                         49   ...
  [OK]          SampleSelection                                         50   ...
  [OK]          SampleSelection                                         51   ...
  [OK]          SampleSelection                                         52   ...
  [OK]          SampleSelection                                         53   ...
  [OK]          Editing.Indentation                                      0   ...
  [OK]          Editing.Indentation                                      1   ...
  [OK]          Editing.Indentation                                      2   ...
  [OK]          Editing.Indentation                                      3   ...
  [OK]          Editing.Indentation                                      4   ...
  [OK]          Editing.Indentation                                      5   ...
  [OK]          Editing.Indentation                                      6   ...
  [OK]          Editing.Indentation                                      7   ...
  [OK]          Editing.Indentation                                      8   ...
  [OK]          Editing.Indentation                                      9   ...
  [OK]          Editing.Indentation                                     10   ...
  [OK]          Editing.Indentation                                     11   ...
  [OK]          Editing.Indentation                                     12   ...
  [OK]          Editing.Indentation                                     13   ...
  [OK]          Editing.Indentation                                     14   ...
  [OK]          Editing.Indentation                                     15   ...
  [OK]          Editing.Indentation                                     16   ...
  [OK]          Editing.Indentation                                     17   ...
  [OK]          Editing.Indentation                                     18   ...
  [OK]          Editing.Indentation                                     19   ...
  [OK]          Editing.Indentation                                     20   ...
  [OK]          Editing.Indentation                                     21   ...
  [OK]          Editing.Indentation                                     22   ...
  [OK]          Editing.Indentation                                     23   ...
  [OK]          Editing.Indentation                                     24   ...
  [OK]          Editing.Indentation                                     25   ...
  [OK]          Editing.Indentation                                     26   ...
  [OK]          Editing.Indentation                                     27   ...
  [OK]          Editing.Indentation                                     28   ...
  [OK]          Editing.Indentation                                     29   ...
  [OK]          Editing.Indentation                                     30   ...
  [OK]          Editing.Indentation                                     31   ...
  [OK]          Editing.Indentation                                     32   ...
  [OK]          Editing.Indentation                                     33   ...
  [OK]          Editing.Indentation                                     34   ...
  [OK]          Editing.Indentation                                     35   ...
  [OK]          Editing.Indentation                                     36   ...
  [OK]          Editing.Indentation                                     37   ...
  [OK]          Editing.Indentation                                     38   ...
  [OK]          Editing.Indentation                                     39   ...
  [OK]          Editing.Indentation                                     40   ...
  [OK]          Editing.Indentation                                     41   ...
  [OK]          Editing.Indentation                                     42   ...
  [OK]          Editing.Indentation                                     43   ...
  [OK]          Editing.Indentation                                     44   ...
  [OK]          Editing.Indentation                                     45   ...
  [OK]          Editing.Indentation                                     46   ...
  [OK]          Editing.Indentation                                     47   ...
  [OK]          Editing.Indentation                                     48   ...
  [OK]          Editing.Indentation                                     49   ...
  [OK]          Editing.Indentation                                     50   ...
  [OK]          Editing.Indentation                                     51   ...
  [OK]          Editing.Indentation                                     52   ...
  [OK]          Editing.Indentation                                     53   ...
  [OK]          Editing.Indentation                                     54   ...
  [OK]          Editing.Indentation                                     55   ...
  [OK]          Editing.Indentation                                     56   ...
  [OK]          Editing.Indentation                                     57   ...
  [OK]          Editing.Indentation                                     58   ...
  [OK]          Editing.Indentation                                     59   ...
  [OK]          Editing.IndentationUX                                    0   ...
  [OK]          Editing.IndentationUX                                    1   ...
  [OK]          Editing.IndentationUX                                    2   ...
  [OK]          Editing.IndentationUX                                    3   ...
  [OK]          Editing.IndentationUX                                    4   ...
  [OK]          Editing.IndentationUX                                    5   ...
  [OK]          Editing.IndentationUX                                    6   ...
  [OK]          Editing.IndentationUX                                    7   ...
  [OK]          Editing.IndentationUX                                    8   ...
  [OK]          Editing.IndentationUX                                    9   ...
  [OK]          Editing.GroutIndent                                      0   ...
  [OK]          Editing.GroutIndent                                      1   ...
  [SKIP]        Editing.SelectiveReindent                                0   ...
  [OK]          Editing.Indentation.Modules                              0   ...
  [OK]          Editing.Indentation.Modules                              1   ...
  [OK]          Editing.Indentation.Modules                              2   ...
  [OK]          Editing.Indentation.Modules                              3   ...
  [OK]          Editing.Indentation.Modules                              4   ...
  [OK]          CanonicalCompletion: head-restoration                    0   ...
  [OK]          CanonicalCompletion: head-restoration                    1   ...
  [OK]          CanonicalCompletion: head-restoration                    2   ...
  [OK]          CanonicalCompletion: reassociation-guards                0   ...
  [OK]          CanonicalCompletion: reassociation-guards                1   ...
  [OK]          CanonicalCompletion: closer-vs-separator                 0   ...
  [OK]          CanonicalCompletion: tydi-gates                          0   ...
  [OK]          CanonicalCompletion: tydi-gates                          1   ...
  [OK]          CanonicalCompletion: tydi-gates                          2   ...
  [OK]          CanonicalCompletion: tydi-gates                          3   ...
  [OK]          CanonicalCompletion: tydi-gates                          4   ...
  [OK]          CanonicalCompletion: tydi-gates                          5   ...
  [OK]          CanonicalCompletion: tydi-gates                          6   ...
  [OK]          CanonicalCompletion: insertion-ordering                  0   ...
  [OK]          CanonicalCompletion: insertion-ordering                  1   ...
  [OK]          CanonicalCompletion: rule-selection                      0   ...
  [OK]          CanonicalCompletion: rule-selection                      1   ...
  [OK]          CanonicalCompletion: materialize                         0   ...
  [OK]          CanonicalCompletion: materialize                         1   ...
  [OK]          CanonicalCompletion: materialize                         2   ...
  [OK]          CanonicalCompletion: entry-stability                     0   ...
  [OK]          CanonicalCompletion: entry-stability                     1   ...
  [OK]          CanonicalCompletion: entry-stability                     2   ...
  [OK]          CanonicalCompletion: placement-guards                    0   ...
  [OK]          CanonicalCompletion: placement-guards                    1   ...
  [OK]          CanonicalCompletion: placement-guards                    2   ...
  [OK]          CanonicalCompletion: placement-guards                    3   ...
  [OK]          CanonicalCompletion: placement-guards                    4   ...
  [OK]          CanonicalCompletion: tab-dispatch                        0   ...
  [OK]          CanonicalCompletion: tab-dispatch                        1   ...
  [OK]          CanonicalCompletion: tab-dispatch                        2   ...
  [OK]          CanonicalCompletion: tab-dispatch                        3   ...
  [OK]          CanonicalCompletion: tab-dispatch                        4   ...
  [OK]          CanonicalCompletion: tab-dispatch                        5   ...
  [OK]          CanonicalCompletion: tab-dispatch                        6   ...
  [OK]          CanonicalCompletion: tab-materialize-equiv               0   ...
  [OK]          CanonicalCompletion: tab-materialize-equiv               1   ...
  [OK]          CanonicalCompletion: tab-materialize-equiv               2   ...
  [OK]          CanonicalCompletion: tab-materialize-equiv               3   ...
  [OK]          CanonicalCompletion: tab-materialize-equiv               4   ...
  [OK]          CanonicalCompletion: joint-satisfiability                0   ...
  [OK]          CanonicalCompletion: joint-satisfiability                1   ...
  [OK]          CanonicalCompletion: regrout-debug                       0   ...
  [OK]          CanonicalCompletion: regrout-debug                       1   ...
  [OK]          CanonicalCompletion: regrout-debug                       2   ...
  [OK]          CanonicalCompletion: reassemble                          0   ...
  [OK]          CanonicalCompletion: reassemble                          1   ...
  [OK]          CanonicalCompletion: regrout                             0   ...
  [OK]          CanonicalCompletion: baseline                            0   ...
  [OK]          CanonicalCompletion: baseline                            1   ...
  [OK]          CanonicalCompletion: baseline                            2   ...
  [OK]          CanonicalCompletion: baseline                            3   ...
  [OK]          CanonicalCompletion: baseline                            4   ...
  [OK]          CanonicalCompletion: trailing                            0   ...
  [OK]          CanonicalCompletion: trailing                            1   ...
  [OK]          CanonicalCompletion: trailing                            2   ...
  [OK]          CanonicalCompletion: trailing                            3   ...
  [OK]          CanonicalCompletion: trailing                            4   ...
  [OK]          CanonicalCompletion: trailing                            5   ...
  [OK]          CanonicalCompletion: trailing                            6   ...
  [OK]          CanonicalCompletion: trailing                            7   ...
  [OK]          CanonicalCompletion: trailing                            8   ...
  [OK]          CanonicalCompletion: trailing                            9   ...
  [OK]          CanonicalCompletion: trailing                           10   ...
  [OK]          CanonicalCompletion: multi-incomplete                    0   ...
  [OK]          CanonicalCompletion: multi-incomplete                    1   ...
  [OK]          CanonicalCompletion: multi-incomplete                    2   ...
  [OK]          CanonicalCompletion: multi-incomplete                    3   ...
  [OK]          CanonicalCompletion: multi-incomplete                    4   ...
  [OK]          CanonicalCompletion: multi-incomplete                    5   ...
  [OK]          CanonicalCompletion: multi-incomplete                    6   ...
  [OK]          CanonicalCompletion: leading                             0   ...
  [OK]          CanonicalCompletion: leading                             1   ...
  [OK]          CanonicalCompletion: leading                             2   ...
  [OK]          CanonicalCompletion: leading                             3   ...
  [OK]          CanonicalCompletion: leading                             4   ...
  [OK]          CanonicalCompletion: leading                             5   ...
  [OK]          CanonicalCompletion: middle                              0   ...
  [OK]          CanonicalCompletion: middle                              1   ...
  [OK]          CanonicalCompletion: junction                            0   ...
  [OK]          CanonicalCompletion: junction                            1   ...
  [OK]          CanonicalCompletion: junction                            2   ...
  [OK]          CanonicalCompletion: frontier                            0   ...
  [OK]          CanonicalCompletion: frontier                            1   ...
  [OK]          CanonicalCompletion: frontier                            2   ...
  [OK]          CanonicalCompletion: frontier                            3   ...
  [OK]          CanonicalCompletion: trailing-junction                   0   ...
  [OK]          CanonicalCompletion: trailing-junction                   1   ...
  [OK]          CanonicalCompletion: trailing-junction                   2   ...
  [OK]          CanonicalCompletion: trailing-junction                   3   ...
  [OK]          CanonicalCompletion: trailing-junction                   4   ...
  [OK]          CanonicalCompletion: trailing-junction                   5   ...
  [OK]          CanonicalCompletion: prefix-witness                      0   ...
  [OK]          CanonicalCompletion: prefix-witness                      1   ...
  [OK]          CanonicalCompletion: prefix-witness                      2   ...
  [OK]          CanonicalCompletion: case-repair                         0   ...
  [OK]          CanonicalCompletion: case-repair (edit-derived)          0   ...
  [OK]          CanonicalCompletion: case-repair (edit-derived)          1   ...
  [OK]          CanonicalCompletion: case-repair (edit-derived)          2   ...
  [OK]          CanonicalCompletion: case-repair (edit-derived)          3   ...
  [OK]          CanonicalCompletion: entry-experience                    0   ...
  [OK]          CanonicalCompletion: entry-experience                    1   ...
  [OK]          CanonicalCompletion: leading-witness                     0   ...
  [OK]          CanonicalCompletion: leading-witness                     1   ...
  [OK]          CanonicalCompletion: leading-witness                     2   ...
  [OK]          CanonicalCompletion: leading-witness                     3   ...
  [OK]          CanonicalCompletion: leading-witness                     4   ...
  [OK]          CanonicalCompletion: leading-witness                     5   ...
  [OK]          CanonicalCompletion: leading-witness                     6   ...
  [OK]          CanonicalCompletion: leading-witness                     7   ...
  [OK]          CanonicalCompletion: leading-witness                     8   ...
  [OK]          CanonicalCompletion: symbolic-witness                    0   ...
  [OK]          CanonicalCompletion: symbolic-witness                    1   ...
  [OK]          CanonicalCompletion: symbolic-witness                    2   ...
  [OK]          CanonicalCompletion: opener-walls                        0   ...
  [OK]          CanonicalCompletion: opener-walls                        1   ...
  [OK]          CanonicalCompletion: opener-walls                        2   ...
  [OK]          CanonicalCompletion: opener-walls                        3   ...
  [OK]          CanonicalCompletion: opener-walls                        4   ...
  [OK]          CanonicalCompletion: continuation                        0   ...
  [OK]          CanonicalCompletion: continuation                        1   ...
  [OK]          CanonicalCompletion: continuation                        2   ...
  [OK]          CanonicalCompletion: continuation                        3   ...
  [OK]          CanonicalCompletion: leading-witness-roundtrip           0   ...
  [OK]          CanonicalCompletion: wraps                               0   ...
  [OK]          CanonicalCompletion: wraps (edit-derived)                0   ...
  [OK]          CanonicalCompletion: wraps (edit-derived)                1   ...
  [OK]          CanonicalCompletion: linebreaks                          0   ...
  [OK]          CanonicalCompletion: linebreaks                          1   ...
  [OK]          CanonicalCompletion: linebreaks                          2   ...
  [OK]          CanonicalCompletion: linebreaks                          3   ...
  [OK]          CanonicalCompletion: linebreaks                          4   ...
  [OK]          CanonicalCompletion: linebreaks                          5   ...
  [OK]          CanonicalCompletion: linebreaks                          6   ...
  [OK]          CanonicalCompletion: linebreaks                          7   ...
  [OK]          CanonicalCompletion: linebreaks                          8   ...
  [OK]          CanonicalCompletion: linebreaks                          9   ...
  [OK]          CanonicalCompletion: linebreaks                         10   ...
  [OK]          CanonicalCompletion: linebreaks                         11   ...
  [OK]          CanonicalCompletion: linebreaks                         12   ...
  [OK]          CanonicalCompletion: linebreaks                         13   ...
  [OK]          CanonicalCompletion: linebreaks                         14   ...
  [OK]          CanonicalCompletion: linebreaks                         15   ...
  [OK]          CanonicalCompletion: linebreaks                         16   ...
  [FAIL]        CanonicalCompletion: clippable-guard                     0   ...
  [OK]          CanonicalCompletion: clippable-guard                     1   ...
  [SKIP]        CompletionScoreboard                                     0   ...
  [SKIP]        CompletionScoreboard                                     1   ...
  [SKIP]        CompletionScoreboard                                     2   ...
  [SKIP]        CompletionScoreboard                                     3   ...
  [SKIP]        CompletionScoreboard                                     4   ...
  [SKIP]        CompletionScoreboard                                     5   ...
  [SKIP]        CompletionScoreboard                                     6   ...
  [SKIP]        CompletionScoreboard                                     7   ...
  [SKIP]        CompletionScoreboard                                     8   ...
  [SKIP]        CompletionScoreboard                                     9   ...
  [SKIP]        CompletionScoreboard                                    10   ...
  [SKIP]        CompletionScoreboard                                    11   ...
  [SKIP]        CompletionScoreboard                                    12   ...
  [SKIP]        CompletionScoreboard                                    13   ...
  [SKIP]        CompletionScoreboard                                    14   ...
  [SKIP]        CompletionScoreboard                                    15   ...
  [SKIP]        CompletionScoreboard                                    16   ...
  [SKIP]        CompletionScoreboard                                    17   ...
  [SKIP]        CompletionScoreboard                                    18   ...
  [SKIP]        CompletionScoreboard                                    19   ...
  [SKIP]        CompletionScoreboard                                    20   ...
  [SKIP]        CompletionScoreboard                                    21   ...
  [SKIP]        CompletionScoreboard                                    22   ...
  [SKIP]        CompletionScoreboard                                    23   ...
  [SKIP]        CompletionScoreboard                                    24   ...
  [OK]          CompletionVisualization: simple                          0   ...
  [OK]          CompletionVisualization: simple                          1   ...
  [OK]          CompletionVisualization: simple                          2   ...
  [OK]          CompletionVisualization: simple                          3   ...
  [OK]          CompletionVisualization: simple                          4   ...
  [OK]          CompletionVisualization: simple                          5   ...
  [OK]          CompletionVisualization: simple                          6   ...
  [OK]          CompletionVisualization: simple                          7   ...
  [OK]          CompletionVisualization: simple                          8   ...
  [OK]          CompletionVisualization: simple                          9   ...
  [OK]          CompletionVisualization: simple                         10   ...
  [OK]          CompletionVisualization: nested                          0   ...
  [OK]          CompletionVisualization: nested                          1   ...
  [OK]          CompletionVisualization: nested                          2   ...
  [OK]          CompletionVisualization: nested                          3   ...
  [OK]          CompletionVisualization: complex                         0   ...
  [OK]          CompletionVisualization: complex                         1   ...
  [OK]          CompletionVisualization: complex                         2   ...
  [OK]          CompletionVisualization: complex                         3   ...
  [FAIL]        CompletionVisualization: multiline                       0   ...
  [OK]          CompletionVisualization: multiline                       1   ...
  [OK]          CompletionVisualization: multiline                       2   ...
  [OK]          CompletionVisualization: multiline                       3   ...
  [OK]          CompletionVisualization: multiline                       4   ...
  [OK]          CompletionVisualization: multiline                       5   ...
  [OK]          CompletionVisualization: indent                          0   ...
  [OK]          CompletionVisualization: indent                          1   ...
  [OK]          CompletionVisualization: indent                          2   ...
  [OK]          Pattern Coverage Checker                                 0   ...
  [OK]          Pattern Coverage Checker                                 1   ...
  [OK]          Pattern Coverage Checker                                 2   ...
  [OK]          Pattern Coverage Checker                                 3   ...
  [OK]          Pattern Coverage Checker                                 4   ...
  [OK]          Pattern Coverage Checker                                 5   ...
  [OK]          Pattern Coverage Checker                                 6   ...
  [OK]          Pattern Coverage Checker                                 7   ...
  [OK]          Pattern Coverage Checker                                 8   ...
  [OK]          Pattern Coverage Checker                                 9   ...
  [OK]          Pattern Coverage Checker                                10   ...
  [OK]          Pattern Coverage Checker                                11   ...
  [OK]          Pattern Coverage Checker                                12   ...
  [OK]          Pattern Coverage Checker                                13   ...
  [OK]          Pattern Coverage Checker                                14   ...
  [OK]          Pattern Coverage Checker                                15   ...
  [OK]          Pattern Coverage Checker                                16   ...
  [OK]          Pattern Coverage Checker                                17   ...
  [OK]          Pattern Coverage Checker                                18   ...
  [OK]          Pattern Coverage Checker                                19   ...
  [OK]          Pattern Coverage Checker                                20   ...
  [OK]          Pattern Coverage Checker                                21   ...
  [OK]          Pattern Coverage Checker                                22   ...
  [OK]          Pattern Coverage Checker                                23   ...
  [OK]          Pattern Coverage Checker                                24   ...
  [OK]          Pattern Coverage Checker                                25   ...
  [OK]          Pattern Coverage Checker                                26   ...
  [OK]          Pattern Coverage Checker                                27   ...
  [OK]          Pattern Coverage Checker                                28   ...
  [OK]          Pattern Coverage Checker                                29   ...
  [OK]          Pattern Coverage Checker                                30   ...
  [OK]          Pattern Coverage Checker                                31   ...
  [OK]          Pattern Coverage Checker                                32   ...
  [OK]          Pattern Coverage Checker                                33   ...
  [OK]          Pattern Coverage Checker                                34   ...
  [OK]          Pattern Coverage Checker                                35   ...
  [OK]          Pattern Coverage Checker                                36   ...
  [OK]          Pattern Coverage Checker                                37   ...
  [OK]          Pattern Coverage Checker                                38   ...
  [OK]          Pattern Coverage Checker                                39   ...
  [OK]          Pattern Coverage Checker                                40   ...
  [OK]          Pattern Coverage Checker                                41   ...
  [OK]          Pattern Coverage Checker                                42   ...
  [OK]          Pattern Coverage Checker                                43   ...
  [OK]          Pattern Coverage Checker                                44   ...
  [OK]          Pattern Coverage Checker                                45   ...
  [OK]          Pattern Coverage Checker                                46   ...
  [OK]          Pattern Coverage Checker                                47   ...
  [OK]          Pattern Coverage Checker                                48   ...
  [OK]          Pattern Coverage Checker                                49   ...
  [OK]          Pattern Coverage Checker                                50   ...
  [OK]          Pattern Coverage Checker                                51   ...
  [OK]          Pattern Coverage Checker                                52   ...
  [OK]          Pattern Coverage Checker                                53   ...
  [OK]          Pattern Coverage Checker                                54   ...
  [OK]          Pattern Coverage Checker                                55   ...
  [OK]          Pattern Coverage Checker                                56   ...
  [OK]          Pattern Coverage Checker                                57   ...
  [OK]          Pattern Coverage Checker                                58   ...
  [OK]          Pattern Coverage Checker                                59   ...
  [OK]          Pattern Coverage Checker                                60   ...
  [OK]          Pattern Coverage Checker                                61   ...
  [OK]          Unboxing                                                 0   ...
  [OK]          Unboxing                                                 1   ...
  [OK]          Unboxing                                                 2   ...
  [OK]          Unboxing                                                 3   ...
  [OK]          Unboxing                                                 4   ...
  [OK]          Unboxing                                                 5   ...
  [OK]          Unboxing                                                 6   ...
  [OK]          Unboxing                                                 7   ...
  [OK]          Unboxing                                                 8   ...
  [OK]          Unboxing                                                 9   ...
  [OK]          Unboxing                                                10   ...
  [OK]          Unboxing                                                11   ...
  [OK]          Unboxing                                                12   ...
  [OK]          Unboxing                                                13   ...
  [OK]          Unboxing                                                14   ...
  [OK]          Unboxing                                                15   ...
  [OK]          Unboxing                                                16   ...
  [OK]          ProblemCollection.Collect                                0   ...
  [OK]          ProblemCollection.Collect                                1   ...
  [OK]          ProblemCollection.Collect                                2   ...
  [OK]          ProblemCollection.Collect                                3   ...
  [OK]          ProblemCollection.Collect                                4   ...
  [OK]          ProblemCollection.Collect                                5   ...
  [OK]          ProblemCollection.Collect                                6   ...
  [OK]          ProblemCollection.NearestMeasuredId                      0   ...
  [OK]          ProblemCollection.NearestMeasuredId                      1   ...
  [OK]          ProblemCollection.NearestMeasuredId                      2   ...
  [OK]          ProblemCollection.Make                                   0   ...
  [OK]          ProblemCollection.Make                                   1   ...
  [OK]          ProblemCollection.Make                                   2   ...
  [OK]          ProblemCollection.Make                                   3   ...
  [OK]          ProblemCollection.Make                                   4   ...
  [OK]          TermData                                                 0   ...
  [OK]          TermData                                                 1   ...
  [OK]          Introduce.introduce_expression                           0   ...
  [OK]          Introduce.introduce_expression                           1   ...
  [OK]          Introduce.introduce_expression                           2   ...
  [OK]          Introduce.introduce_expression                           3   ...
  [OK]          Introduce.introduce_expression                           4   ...
  [OK]          Introduce.introduce_expression                           5   ...
  [OK]          Introduce.introduce_expression                           6   ...
  [OK]          Introduce.introduce_expression                           7   ...
  [OK]          Introduce.introduce.expression                           0   ...
  [OK]          Introduce.introduce.expression                           1   ...
  [OK]          Introduce.introduce.expression                           2   ...
  [OK]          Introduce.introduce.expression                           3   ...
  [OK]          Introduce.introduce.expression                           4   ...
  [OK]          Introduce.introduce.expression                           5   ...
  [OK]          Introduce.introduce.pattern                              0   ...
  [OK]          Introduce.introduce.pattern                              1   ...
  [OK]          Introduce.introduce.pattern                              2   ...
  [SKIP]        DocSlides.ReparseBackuptext                              0   ...
  [SKIP]        DocSlides.ReparseBackuptext                              1   ...
  [SKIP]        DocSlides.ReparseBackuptext                              2   ...
  [SKIP]        DocSlides.ReparseBackuptext                              3   ...
  [SKIP]        DocSlides.ReparseBackuptext                              4   ...
  [SKIP]        DocSlides.ReparseBackuptext                              5   ...
  [SKIP]        DocSlides.ReparseBackuptext                              6   ...
  [SKIP]        DocSlides.ReparseBackuptext                              7   ...
  [SKIP]        DocSlides.ReparseBackuptext                              8   ...
  [SKIP]        DocSlides.ReparseBackuptext                              9   ...
  [SKIP]        DocSlides.ReparseBackuptext                             10   ...
  [SKIP]        DocSlides.ReparseBackuptext                             11   ...
  [SKIP]        DocSlides.ReparseBackuptext                             12   ...
  [SKIP]        DocSlides.ReparseBackuptext                             13   ...
  [SKIP]        DocSlides.ReparseBackuptext                             14   ...
  [SKIP]        DocSlides.ReparseBackuptext                             15   ...
  [SKIP]        DocSlides.ReparseBackuptext                             16   ...
  [SKIP]        DocSlides.ReparseBackuptext                             17   ...
  [SKIP]        DocSlides.ReparseBackuptext                             18   ...
  [SKIP]        DocSlides.ReparseBackuptext                             19   ...
  [SKIP]        DocSlides.ReparseBackuptext                             20   ...
  [SKIP]        DocSlides.ReparseBackuptext                             21   ...
  [SKIP]        DocSlides.ReparseBackuptext                             22   ...
  [SKIP]        DocSlides.ReparseBackuptext                             23   ...
  [SKIP]        DocSlides.ReparseBackuptext                             24   ...
  [SKIP]        DocSlides.ReparseBackuptext                             25   ...
  [SKIP]        DocSlides.ReparseBackuptext                             26   ...
  [SKIP]        DocSlides.ReparseBackuptext                             27   ...
  [SKIP]        DocSlides.ReparseBackuptext                             28   ...
  [SKIP]        DocSlides.ReparseBackuptext                             29   ...
  [SKIP]        DocSlides.ReparseBackuptext                             30   ...
  [SKIP]        DocSlides.ReparseBackuptext                             31   ...
  [SKIP]        DocSlides.ReparseBackuptext                             32   ...
  [SKIP]        DocSlides.ReparseBackuptext                             33   ...
  [SKIP]        DocSlides.ReparseBackuptext                             34   ...
  [SKIP]        DocSlides.ReparseBackuptext                             35   ...
  [SKIP]        DocSlides.ReparseBackuptext                             36   ...
  [SKIP]        DocSlides.ReparseBackuptext                             37   ...
  [SKIP]        DocSlides.ReparseBackuptext                             38   ...
  [SKIP]        DocSlides.ReparseBackuptext                             39   ...
  [SKIP]        DocSlides.ReparseBackuptext                             40   ...
  [SKIP]        DocSlides.ReparseBackuptext                             41   ...
  [SKIP]        DocSlides.ReparseBackuptext                             42   ...
  [SKIP]        DocSlides.ReparseBackuptext                             43   ...
  [SKIP]        DocSlides.ReparseBackuptext                             44   ...
  [SKIP]        DocSlides.ReparseBackuptext                             45   ...
  [SKIP]        DocSlides.ReparseBackuptext                             46   ...
  [SKIP]        DocSlides.ReparseBackuptext                             47   ...
  [SKIP]        DocSlides.ReparseBackuptext                             48   ...
  [OK]          TextRoundtrip.TextReproducers                            0   ...
  [OK]          TextRoundtrip.TextReproducers                            1   ...
  [OK]          TextRoundtrip.TextReproducers                            2   ...
  [OK]          TextRoundtrip.TextReproducers                            3   ...
  [OK]          TextRoundtrip.TextReproducers                            4   ...
  [OK]          TextRoundtrip.TextReproducers                            5   ...
  [OK]          TextRoundtrip.TextReproducers                            6   ...
  [OK]          TextRoundtrip.TextReproducers                            7   ...
  [OK]          TextRoundtrip.TextReproducers                            8   ...
  [OK]          TextRoundtrip.TextReproducers                            9   ...
  [OK]          TextRoundtrip.TextReproducers                           10   ...
  [OK]          TextRoundtrip.TextReproducers                           11   ...
  [OK]          TextRoundtrip.TextReproducers                           12   ...
  [OK]          TextRoundtrip.TextReproducers                           13   ...
  [OK]          TextRoundtrip.TextReproducers                           14   ...
  [OK]          TextRoundtrip.TextReproducers                           15   ...
  [OK]          TextRoundtrip.TextReproducers                           16   ...
  [OK]          TextRoundtrip.TextReproducers                           17   ...
  [OK]          TextRoundtrip.TextReproducers                           18   ...
  [OK]          TextRoundtrip.TextReproducers                           19   ...
  [OK]          TextRoundtrip.TextReproducers                           20   ...
  [SKIP]        TextRoundtrip.DocSlides                                  0   ...
  [SKIP]        TextRoundtrip.DocSlides                                  1   ...
  [SKIP]        TextRoundtrip.DocSlides                                  2   ...
  [SKIP]        TextRoundtrip.DocSlides                                  3   ...
  [SKIP]        TextRoundtrip.DocSlides                                  4   ...
  [SKIP]        TextRoundtrip.DocSlides                                  5   ...
  [SKIP]        TextRoundtrip.DocSlides                                  6   ...
  [SKIP]        TextRoundtrip.DocSlides                                  7   ...
  [SKIP]        TextRoundtrip.DocSlides                                  8   ...
  [SKIP]        TextRoundtrip.DocSlides                                  9   ...
  [SKIP]        TextRoundtrip.Property                                   0   ...
  [OK]          Round-Trip: Edit-Derived                                 0   ...
  [OK]          Round-Trip: Edit-Derived                                 1   ...
  [OK]          Round-Trip: Edit-Derived                                 2   ...
  [OK]          Round-Trip: Edit-Derived                                 3   ...
  [OK]          Round-Trip: Edit-Derived                                 4   ...
  [OK]          Round-Trip: Edit-Derived                                 5   ...
  [OK]          Round-Trip: Edit-Derived                                 6   ...
  [OK]          Round-Trip: Edit-Derived                                 7   ...
  [OK]          Round-Trip: Edit-Derived                                 8   ...
  [OK]          Round-Trip: Edit-Derived                                 9   ...
  [OK]          Round-Trip: Edit-Derived                                10   ...
  [OK]          Round-Trip: Edit-Derived                                11   ...
  [OK]          Round-Trip: Edit-Derived                                12   ...
  [OK]          Round-Trip: Edit-Derived                                13   ...
  [OK]          Round-Trip: Edit-Derived Replays                         0   ...
  [OK]          Round-Trip: Edit-Derived Replays                         1   ...
  [OK]          Round-Trip: Edit-Derived Replays                         2   ...
  [OK]          Round-Trip: Edit-Derived Replays                         3   ...
  [OK]          Round-Trip: Edit-Derived Replays                         4   ...
  [OK]          Round-Trip: Edit-Derived Replays                         5   ...
  [SKIP]        Round-Trip: Fuzz                                         0   ...
  [OK]          LocalReformat                                            0   ...
  [OK]          LocalReformat                                            1   ...
  [OK]          LocalReformat                                            2   ...
  [OK]          LocalReformat                                            3   ...
  [OK]          LocalReformat                                            4   ...
  [OK]          LocalReformat.Paste                                      0   ...
  [OK]          LocalReformat.Paste                                      1   ...
  [OK]          LocalReformat.Paste                                      2   ...
  [OK]          MatchExp                                                 0   ...
  [OK]          MatchExp                                                 1   ...
  [OK]          MatchExp                                                 2   ...
  [OK]          MatchExp                                                 3   ...
  [OK]          MatchExp                                                 4   ...
  [OK]          MatchExp                                                 5   ...
  [OK]          MatchExp                                                 6   ...
  [OK]          MatchExp                                                 7   ...
  [OK]          MatchExp                                                 8   ...
  [OK]          MatchExp                                                 9   ...
  [OK]          MatchExp                                                10   ...
  [OK]          MatchExp                                                11   ...
  [OK]          MatchExp                                                12   ...
  [OK]          MatchExp                                                13   ...
  [OK]          Polarity                                                 0   ...
  [OK]          Polarity                                                 1   ...
  [OK]          Polarity                                                 2   ...
  [OK]          Polarity                                                 3   ...
  [OK]          Polarity                                                 4   ...
  [OK]          Polarity                                                 5   ...
  [OK]          Polarity                                                 6   ...
  [OK]          Polarity                                                 7   ...
  [OK]          Polarity                                                 8   ...
  [OK]          Polarity                                                 9   ...
  [OK]          Polarity                                                10   ...
  [OK]          Polarity                                                11   ...
  [OK]          Polarity                                                12   ...
  [OK]          Polarity                                                13   ...
  [OK]          Polarity                                                14   ...
  [OK]          Polarity                                                15   ...
  [OK]          Polarity                                                16   ...
  [OK]          Polarity                                                17   ...
  [OK]          Polarity                                                18   ...
  [OK]          Polarity                                                19   ...
  [OK]          Polarity                                                20   ...
  [OK]          Polarity                                                21   ...
  [OK]          Polarity                                                22   ...
  [OK]          Polarity                                                23   ...
  [OK]          Polarity                                                24   ...
  [OK]          Polarity                                                25   ...
  [OK]          Polarity                                                26   ...
  [OK]          Polarity                                                27   ...
  [OK]          Polarity                                                28   ...
  [OK]          Polarity                                                29   ...
  [OK]          Polarity                                                30   ...
  [OK]          Polarity                                                31   ...
  [OK]          Polarity                                                32   ...
  [OK]          Polarity                                                33   ...
  [OK]          Polarity                                                34   ...
  [OK]          Polarity                                                35   ...
  [OK]          Polarity                                                36   ...
  [OK]          Polarity                                                37   ...
  [OK]          Polarity                                                38   ...
  [OK]          Polarity                                                39   ...
  [OK]          Polarity                                                40   ...
  [OK]          Polarity                                                41   ...
  [OK]          Polarity                                                42   ...
  [OK]          Polarity                                                43   ...
  [OK]          Polarity                                                44   ...
  [OK]          Polarity                                                45   ...
  [OK]          Polarity                                                46   ...
  [OK]          Polarity                                                47   ...
  [OK]          Polarity                                                48   ...
  [OK]          Polarity                                                49   ...
  [OK]          Polarity                                                50   ...
  [OK]          Polarity                                                51   ...
  [OK]          Polarity                                                52   ...
  [OK]          Polarity                                                53   ...
  [OK]          Polarity                                                54   ...
  [OK]          Polarity                                                55   ...
  [OK]          Polarity                                                56   ...
  [OK]          Polarity                                                57   ...
  [OK]          Polarity                                                58   ...
  [OK]          Polarity                                                59   ...
  [OK]          Polarity                                                60   ...
  [OK]          Polarity                                                61   ...
  [OK]          Polarity                                                62   ...
  [OK]          Polarity                                                63   ...
  [OK]          Polarity                                                64   ...
  [OK]          Polarity                                                65   ...
  [OK]          Polarity                                                66   ...
  [OK]          Polarity                                                67   ...
  [OK]          Polarity                                                68   ...
  [OK]          Polarity                                                69   ...
  [OK]          Polarity                                                70   ...
  [OK]          Polarity                                                71   ...
  [OK]          ProofRule.mentions_any                                   0   ...
  [OK]          ProofRule.mentions_any                                   1   ...
  [OK]          ProofRule.mentions_any                                   2   ...
  [OK]          ProofRule.mentions_any                                   3   ...
  [OK]          ProofRule.mentions_any                                   4   ...
  [OK]          ProofRule.mentions_any                                   5   ...
  [OK]          ProofRule.mentions_any                                   6   ...
  [OK]          ProofRule.mentions_any                                   7   ...
  [OK]          ProofRule.mentions_any                                   8   ...
  [OK]          ProofRule.mentions_any                                   9   ...
  [OK]          ProofRule.mentions_any                                  10   ...
  [OK]          ProofRule.mentions_any                                  11   ...
  [OK]          RoundTrip.Basic                                          0   ...
  [OK]          RoundTrip.Basic                                          1   ...
  [OK]          RoundTrip.Basic                                          2   ...
  [OK]          RoundTrip.Basic                                          3   ...
  [OK]          RoundTrip.Basic                                          4   ...
  [OK]          RoundTrip.Basic                                          5   ...
  [OK]          RoundTrip.Basic                                          6   ...
  [OK]          RoundTrip.Basic                                          7   ...
  [OK]          RoundTrip.Basic                                          8   ...
  [OK]          RoundTrip.Basic                                          9   ...
  [OK]          RoundTrip.Basic                                         10   ...
  [OK]          RoundTrip.Probes                                         0   ...
  [OK]          RoundTrip.Probes                                         1   ...
  [OK]          RoundTrip.Probes                                         2   ...
  [OK]          RoundTrip.Probes                                         3   ...
  [OK]          RoundTrip.Probes                                         4   ...
  [OK]          RoundTrip.Probes                                         5   ...
  [OK]          RoundTrip.Probes                                         6   ...
  [OK]          RoundTrip.Probes                                         7   ...
  [OK]          RoundTrip.Probes                                         8   ...
  [OK]          RoundTrip.Probes                                         9   ...
  [OK]          RoundTrip.Probes                                        10   ...
  [OK]          RoundTrip.Modules                                        0   ...
  [OK]          RoundTrip.Modules                                        1   ...
  [OK]          RoundTrip.Modules                                        2   ...
  [OK]          RoundTrip.Modules                                        3   ...
  [OK]          RoundTrip.Modules                                        4   ...
  [OK]          RoundTrip.Modules                                        5   ...
  [OK]          RoundTrip.Modules                                        6   ...
  [OK]          RoundTrip.Modules                                        7   ...
  [OK]          TableCore.parse_table                                    0   ...
  [OK]          TableCore.parse_table                                    1   ...
  [OK]          TableCore.parse_table                                    2   ...
  [OK]          TableCore.parse_table                                    3   ...
  [OK]          TableCore.parse_table                                    4   ...
  [OK]          TableTransforms                                          0   ...
  [OK]          TableTransforms                                          1   ...
  [OK]          TableTransforms                                          2   ...
  [OK]          TableTransforms                                          3   ...
  [OK]          TableTransforms                                          4   ...
  [OK]          TableTransforms                                          5   ...
  [OK]          TableTransforms                                          6   ...
  [OK]          TableTransforms                                          7   ...
  [OK]          TableTransforms                                          8   ...
  [OK]          TableTransforms                                          9   ...
  [OK]          TableTransforms                                         10   ...
  [OK]          TableTransforms                                         11   ...
  [OK]          TableTransforms                                         12   ...
  [OK]          TableTransforms                                         13   ...
  [OK]          TableTransforms                                         14   ...
  [OK]          TableTransforms                                         15   ...
  [OK]          TableTransforms                                         16   ...
  [OK]          TableTransforms                                         17   ...
  [OK]          TableTransforms                                         18   ...
  [OK]          TableTransforms                                         19   ...
  [OK]          TableTransforms                                         20   ...
  [OK]          TableTransforms                                         21   ...
  [OK]          TableTransforms                                         22   ...
  [OK]          TableTransforms                                         23   ...
  [OK]          TableTransforms                                         24   ...
  [OK]          TableTransforms                                         25   ...
  [OK]          TableTransforms                                         26   ...
  [OK]          TableTransforms                                         27   ...
  [OK]          TableTransforms                                         28   ...
  [OK]          TableTransforms                                         29   ...
  [OK]          TableTransforms                                         30   ...
  [OK]          TableTransforms                                         31   ...
  [OK]          TableTransforms                                         32   ...
  [OK]          TableTransforms                                         33   ...
  [OK]          TableTransforms                                         34   ...
  [OK]          TableTransforms                                         35   ...
  [OK]          TableTransforms                                         36   ...
  [OK]          RichProbeRegistry                                        0   ...
  [OK]          RichProbeRegistry                                        1   ...
  [OK]          RichProbeRegistry                                        2   ...
  [OK]          RichProbeRegistry                                        3   ...
  [OK]          RichProbeRegistry                                        4   ...
  [OK]          RichProbeRegistry                                        5   ...
  [OK]          RichProbeRegistry                                        6   ...
  [OK]          RichProbeRegistry                                        7   ...
  [OK]          PrettyPrint.TrailingHoles                                0   ...
  [OK]          PrettyPrint.TrailingHoles                                1   ...
  [OK]          PrettyPrint.TrailingHoles                                2   ...
  [OK]          PrettyPrint.TrailingHoles                                3   ...
  [OK]          PrettyPrint.TrailingHoles                                4   ...
  [OK]          PrettyPrint.TrailingHoles                                5   ...
  [OK]          PrettyPrint.TrailingHoles                                6   ...
  [OK]          PrettyPrint.TrailingHoles                                7   ...
  [OK]          PrettyPrint.TrailingHoles                                8   ...
  [OK]          PrettyPrint.TrailingHoles                                9   ...
  [OK]          PrettyPrint.TrailingHoles                               10   ...
  [OK]          PrettyPrint.BlockFormBody                                0   ...
  [OK]          PrettyPrint.BlockFormBody                                1   ...
  [OK]          PrettyPrint.BlockFormBody                                2   ...
  [OK]          PrettyPrint.BlockFormBody                                3   ...
  [OK]          PrettyPrint.BlockFormBody                                4   ...
  [OK]          PrettyPrint.BlockFormBody                                5   ...
  [OK]          PrettyPrint.BlockFormBody                                6   ...
  [OK]          PrettyPrint.BlockFormBody                                7   ...
  [OK]          PrettyPrint.BlockFormBody                                8   ...
  [OK]          PrettyPrint.BlockFormBody                                9   ...
  [OK]          PrettyPrint.BlockFormBody                               10   ...
  [OK]          PrettyPrint.BlockFormBody                               11   ...
  [OK]          PrettyPrint.BlockFormBody                               12   ...
  [OK]          PrettyPrint.Flat                                         0   ...
  [OK]          PrettyPrint.Flat                                         1   ...
  [OK]          PrettyPrint.Flat                                         2   ...
  [OK]          PrettyPrint.Flat                                         3   ...
  [OK]          PrettyPrint.Flat                                         4   ...
  [OK]          PrettyPrint.Flat                                         5   ...
  [OK]          PrettyPrint.Flat                                         6   ...
  [OK]          PrettyPrint.Flat                                         7   ...
  [OK]          PrettyPrint.Breaking                                     0   ...
  [OK]          PrettyPrint.Breaking                                     1   ...
  [OK]          PrettyPrint.Breaking                                     2   ...
  [OK]          PrettyPrint.Breaking                                     3   ...
  [OK]          PrettyPrint.Breaking                                     4   ...
  [OK]          PrettyPrint.Breaking                                     5   ...
  [OK]          PrettyPrint.Delimiters                                   0   ...
  [OK]          PrettyPrint.Delimiters                                   1   ...
  [OK]          PrettyPrint.Delimiters                                   2   ...
  [OK]          PrettyPrint.Delimiters                                   3   ...
  [OK]          PrettyPrint.Case                                         0   ...
  [OK]          PrettyPrint.Case                                         1   ...
  [OK]          PrettyPrint.Complex                                      0   ...
  [OK]          PrettyPrint.Complex                                      1   ...
  [OK]          PrettyPrint.Complex                                      2   ...
  [OK]          PrettyPrint.Complex                                      3   ...
  [OK]          PrettyPrint.Complex                                      4   ...
  [OK]          PrettyPrint.Complex                                      5   ...
  [OK]          PrettyPrint.CommaCompound                                0   ...
  [OK]          PrettyPrint.CommaCompound                                1   ...
  [OK]          PrettyPrint.CommaCompound                                2   ...
  [OK]          PrettyPrint.CommaCompound                                3   ...
  [OK]          PrettyPrint.CommaCompound                                4   ...
  [OK]          PrettyPrint.Realworld                                    0   ...
  [OK]          PrettyPrint.Realworld                                    1   ...
  [OK]          PrettyPrint.Realworld                                    2   ...
  [OK]          PrettyPrint.Realworld                                    3   ...
  [OK]          PrettyPrint.Realworld                                    4   ...
  [OK]          PrettyPrint.Realworld                                    5   ...
  [OK]          PrettyPrint.Realworld                                    6   ...
  [OK]          PrettyPrint.Realworld                                    7   ...
  [OK]          PrettyPrint.HangingDelimiters                            0   ...
  [OK]          PrettyPrint.HangingDelimiters                            1   ...
  [OK]          PrettyPrint.HangingDelimiters                            2   ...
  [OK]          PrettyPrint.HangingDelimiters                            3   ...
  [OK]          PrettyPrint.HangingDelimiters                            4   ...
  [OK]          PrettyPrint.HangingDelimiters                            5   ...
  [OK]          PrettyPrint.BreakFunParams                               0   ...
  [OK]          PrettyPrint.BreakFunParams                               1   ...
  [OK]          PrettyPrint.BreakFunParams                               2   ...
  [OK]          PrettyPrint.BreakFunParams                               3   ...
  [OK]          PrettyPrint.Comments                                     0   ...
  [OK]          PrettyPrint.Comments                                     1   ...
  [OK]          PrettyPrint.Comments                                     2   ...
  [OK]          PrettyPrint.Comments                                     3   ...
  [OK]          PrettyPrint.Comments                                     4   ...
  [OK]          PrettyPrint.Forms                                        0   ...
  [OK]          PrettyPrint.Forms                                        1   ...
  [OK]          PrettyPrint.Forms                                        2   ...
  [OK]          PrettyPrint.Forms                                        3   ...
  [OK]          PrettyPrint.Forms                                        4   ...
  [OK]          PrettyPrint.Forms                                        5   ...
  [OK]          PrettyPrint.Forms                                        6   ...
  [OK]          PrettyPrint.Forms                                        7   ...
  [OK]          PrettyPrint.Forms                                        8   ...
  [OK]          PrettyPrint.Forms                                        9   ...
  [OK]          PrettyPrint.Forms                                       10   ...
  [OK]          PrettyPrint.Forms                                       11   ...
  [OK]          PrettyPrint.Forms                                       12   ...
  [OK]          PrettyPrint.Composition                                  0   ...
  [OK]          PrettyPrint.Composition                                  1   ...
  [OK]          PrettyPrint.Composition                                  2   ...
  [OK]          PrettyPrint.Composition                                  3   ...
  [OK]          PrettyPrint.Composition                                  4   ...
  [OK]          PrettyPrint.Composition                                  5   ...
  [OK]          PrettyPrint.LabeledTuple                                 0   ...
  [OK]          PrettyPrint.LabeledTuple                                 1   ...
  [OK]          PrettyPrint.LabeledTuple                                 2   ...
  [OK]          PrettyPrint.Respace                                      0   ...
  [OK]          PrettyPrint.Respace                                      1   ...
  [OK]          PrettyPrint.Respace                                      2   ...
  [OK]          PrettyPrint.Respace                                      3   ...
  [OK]          PrettyPrint.Respace                                      4   ...
  [OK]          PrettyPrint.Respace                                      5   ...
  [OK]          PrettyPrint.Respace                                      6   ...
  [OK]          PrettyPrint.Respace                                      7   ...
  [OK]          PrettyPrint.Respace                                      8   ...
  [OK]          PrettyPrint.Respace                                      9   ...
  [OK]          PrettyPrint.Respace                                     10   ...
  [OK]          PrettyPrint.Respace                                     11   ...
  [OK]          TyDi.DotLabel                                            0   ...
  [OK]          TyDi.DotLabel                                            1   ...
  [OK]          TyDi.DotLabel                                            2   ...
  [OK]          TyDi.DotLabel                                            3   ...
  [OK]          TyDi.DotLabel                                            4   ...
  [OK]          TyDi.DotLabel                                            5   ...
  [OK]          TyDi.Variables                                           0   ...
  [OK]          TyDi.Variables                                           1   ...
  [OK]          TyDi.Variables                                           2   ...
  [OK]          TyDi.Variables                                           3   ...
  [OK]          TyDi.Variables                                           4   ...
  [OK]          TyDi.Constructors                                        0   ...
  [OK]          TyDi.Constructors                                        1   ...
  [OK]          TyDi.Constructors                                        2   ...
  [OK]          TyDi.Constructors                                        3   ...
  [OK]          TyDi.Operands                                            0   ...
  [OK]          TyDi.Operands                                            1   ...
  [OK]          TyDi.LeadingForms                                        0   ...
  [OK]          TyDi.LeadingForms                                        1   ...
  [OK]          TyDi.Operators                                           0   ...
  [OK]          TyDi.Operators                                           1   ...
  [OK]          TyDi.Types                                               0   ...
  [OK]          TyDi.Types                                               1   ...
  [OK]          TyDi.Types                                               2   ...
  [OK]          TyDi.Types                                               3   ...
  [OK]          TyDi.Types                                               4   ...
  [OK]          TyDi.Types                                               5   ...
  [OK]          TyDi.Suppression                                         0   ...
  [OK]          TyDi.Suppression                                         1   ...
  [OK]          TyDi.Qualified                                           0   ...
  [OK]          TyDi.Qualified                                           1   ...
  [OK]          TyDi.Qualified                                           2   ...
  [OK]          TyDi.Qualified                                           3   ...
  [OK]          TyDi.Qualified                                           4   ...
  [OK]          TyDi.Qualified                                           5   ...
  [OK]          TyDi.Qualified                                           6   ...
  [OK]          TyDi.Qualified                                           7   ...
  [OK]          TyDi.Qualified                                           8   ...
  [OK]          TyDi.Qualified                                           9   ...
  [OK]          TyDi.Qualified                                          10   ...
  [OK]          TyDi.Qualified                                          11   ...
  [OK]          TyDi.BaseTypSuppression                                  0   ...
  [OK]          TyDi.BaseTypSuppression                                  1   ...
  [OK]          TyDi.BaseTypSuppression                                  2   ...
  [OK]          TyDi.BaseTypSuppression                                  3   ...
  [OK]          CI.ModuleHoleSort                                        0   ...
  [OK]          CI.ModuleHoleSort                                        1   ...
  [OK]          CI.ModuleHoleSort                                        2   ...
  [OK]          Unused Variable Warnings                                 0   ...
  [OK]          Unused Variable Warnings                                 1   ...
  [OK]          Unused Variable Warnings                                 2   ...
  [OK]          Unused Variable Warnings                                 3   ...
  [OK]          Unused Variable Warnings                                 4   ...
  [OK]          Unused Variable Warnings                                 5   ...
  [OK]          Unused Variable Warnings                                 6   ...
  [OK]          Unused Variable Warnings                                 7   ...
  [OK]          Unused Variable Warnings                                 8   ...
  [OK]          Unused Variable Warnings                                 9   ...
  [OK]          Unused Variable Warnings                                10   ...
  [OK]          Unused Variable Warnings                                11   ...
  [OK]          Unused Variable Warnings                                12   ...
  [OK]          Unused Variable Warnings                                13   ...
  [OK]          Unused Variable Warnings                                14   ...
  [OK]          Unused Variable Warnings                                15   ...
  [OK]          Unused Variable Warnings                                16   ...
  [OK]          Unused Variable Warnings                                17   ...
  [OK]          Unused Variable Warnings                                18   ...
  [OK]          Unused Variable Warnings                                19   ...
  [OK]          Unused Variable Warnings                                20   ...
  [OK]          Unused Variable Warnings                                21   ...
  [OK]          Unused Variable Warnings                                22   ...
  [OK]          Unused Variable Warnings                                23   ...
  [OK]          Unused Variable Warnings                                24   ...
  [OK]          Unused Variable Warnings                                25   ...
  [OK]          Unused Variable Warnings                                26   ...
  [OK]          Unused Variable Warnings                                27   ...
  [OK]          Unused Variable Warnings                                28   ...
  [OK]          Unused Variable Warnings                                29   ...
  [OK]          Unused Variable Warnings                                30   ...
  [OK]          Unused Variable Warnings                                31   ...
  [OK]          Unused Variable Warnings                                32   ...
  [OK]          Unused Variable Warnings                                33   ...
  [OK]          Indication.Grout                                         0   ...
  [OK]          Indication.Grout                                         1   ...
  [OK]          Indication.Grout                                         2   ...
  [OK]          Indication.Grout                                         3   ...
  [OK]          Indication.Grout                                         4   ...
  [OK]          Indication.Grout                                         5   ...
  [OK]          Indication.Grout                                         6   ...
  [OK]          Indication.Literals                                      0   ...
  [OK]          Indication.Literals                                      1   ...
  [OK]          Indication.Literals                                      2   ...
  [OK]          Indication.Literals                                      3   ...
  [OK]          Indication.Literals                                      4   ...
  [OK]          Indication.Literals                                      5   ...
  [OK]          Indication.Literals                                      6   ...
  [OK]          Indication.Literals                                      7   ...
  [OK]          Indication.Literals                                      8   ...
  [OK]          Indication.Literals                                      9   ...
  [OK]          Indication.Parens                                        0   ...
  [OK]          Indication.Parens                                        1   ...
  [OK]          Indication.Parens                                        2   ...
  [OK]          Indication.Parens                                        3   ...
  [OK]          Indication.Parens                                        4   ...
  [OK]          Indication.Parens                                        5   ...
  [OK]          Indication.Parens                                        6   ...
  [OK]          Indication.Parens                                        7   ...
  [OK]          Indication.Parens                                        8   ...
  [OK]          Indication.Parens                                        9   ...
  [OK]          Indication.BinaryOpsSpaces                               0   ...
  [OK]          Indication.BinaryOpsSpaces                               1   ...
  [OK]          Indication.BinaryOpsSpaces                               2   ...
  [OK]          Indication.BinaryOpsSpaces                               3   ...
  [OK]          Indication.BinaryOpsSpaces                               4   ...
  [OK]          Indication.BinaryOpsSpaces                               5   ...
  [OK]          Indication.BinaryOpsSpaces                               6   ...
  [OK]          Indication.BinaryOpsSpaces                               7   ...
  [OK]          Indication.BinaryOpsSpaces                               8   ...
  [OK]          Indication.BinaryOpsSpaces                               9   ...
  [OK]          Indication.BinaryOpsSpaces                              10   ...
  [OK]          Indication.BinaryOpsSpaces                              11   ...
  [OK]          Indication.BinaryOpsSpaces                              12   ...
  [OK]          Indication.BinaryOpsSpaces                              13   ...
  [OK]          Indication.BinaryOpsSpaces                              14   ...
  [OK]          Indication.BinaryOpsSpaces                              15   ...
  [OK]          Indication.BinaryOpsSpaces                              16   ...
  [OK]          Indication.BinaryOpsSpaces                              17   ...
  [OK]          Indication.BinaryOpsSpaces                              18   ...
  [OK]          Indication.BinaryOpsSpaces                              19   ...
  [OK]          Indication.BinaryOpsSpaces                              20   ...
  [OK]          Indication.BinaryOpsSpaces                              21   ...
  [OK]          Indication.BinaryOpsSpaces                              22   ...
  [OK]          Indication.BinaryOpsSpaces                              23   ...
  [OK]          Indication.BinaryOpsSpaces                              24   ...
  [OK]          Indication.BinaryOpsNoSpaces                             0   ...
  [OK]          Indication.BinaryOpsNoSpaces                             1   ...
  [OK]          Indication.BinaryOpsNoSpaces                             2   ...
  [OK]          Indication.BinaryOpsNoSpaces                             3   ...
  [OK]          Indication.TypeAnnotation                                0   ...
  [OK]          Indication.TypeAnnotation                                1   ...
  [OK]          Indication.TypeAnnotation                                2   ...
  [OK]          Indication.TypeAnnotation                                3   ...
  [OK]          Indication.TypeAnnotation                                4   ...
  [OK]          Indication.LetBinding                                    0   ...
  [OK]          Indication.LetBinding                                    1   ...
  [OK]          Indication.LetBinding                                    2   ...
  [OK]          Indication.LetBinding                                    3   ...
  [OK]          Indication.LetBinding                                    4   ...
  [OK]          Indication.LetBinding                                    5   ...
  [OK]          Indication.LetBinding                                    6   ...
  [OK]          Indication.LetBinding                                    7   ...
  [OK]          Indication.Fun                                           0   ...
  [OK]          Indication.Fun                                           1   ...
  [OK]          Indication.Fun                                           2   ...
  [OK]          Indication.Fun                                           3   ...
  [OK]          Indication.Fun                                           4   ...
  [OK]          Indication.Fun                                           5   ...
  [OK]          Indication.If                                            0   ...
  [OK]          Indication.If                                            1   ...
  [OK]          Indication.If                                            2   ...
  [OK]          Indication.If                                            3   ...
  [OK]          Indication.If                                            4   ...
  [OK]          Indication.If                                            5   ...
  [OK]          Indication.If                                            6   ...
  [OK]          Indication.Application                                   0   ...
  [OK]          Indication.Application                                   1   ...
  [OK]          Indication.Application                                   2   ...
  [OK]          Indication.Application                                   3   ...
  [OK]          Indication.Application                                   4   ...
  [OK]          Indication.Application                                   5   ...
  [OK]          Indication.Application                                   6   ...
  [OK]          Indication.Application                                   7   ...
  [OK]          Indication.Lists                                         0   ...
  [OK]          Indication.Lists                                         1   ...
  [OK]          Indication.Lists                                         2   ...
  [OK]          Indication.Lists                                         3   ...
  [OK]          Indication.Lists                                         4   ...
  [OK]          Indication.Lists                                         5   ...
  [OK]          Indication.Lists                                         6   ...
  [OK]          Indication.Lists                                         7   ...
  [OK]          Indication.Tuples                                        0   ...
  [OK]          Indication.Tuples                                        1   ...
  [OK]          Indication.Tuples                                        2   ...
  [OK]          Indication.Tuples                                        3   ...
  [OK]          Indication.Tuples                                        4   ...
  [OK]          Indication.Tuples                                        5   ...
  [OK]          Indication.Constructors                                  0   ...
  [OK]          Indication.Constructors                                  1   ...
  [OK]          Indication.Constructors                                  2   ...
  [OK]          Indication.Constructors                                  3   ...
  [OK]          Indication.Constructors                                  4   ...
  [OK]          Indication.PrefixOps                                     0   ...
  [OK]          Indication.PrefixOps                                     1   ...
  [OK]          Indication.PrefixOps                                     2   ...
  [OK]          Indication.PrefixOps                                     3   ...
  [OK]          Indication.PrefixOps                                     4   ...
  [OK]          Indication.PrefixOps                                     5   ...
  [OK]          Indication.Precedence                                    0   ...
  [OK]          Indication.Precedence                                    1   ...
  [OK]          Indication.Precedence                                    2   ...
  [OK]          Indication.Precedence                                    3   ...
  [OK]          Indication.Precedence                                    4   ...
  [OK]          Indication.Precedence                                    5   ...
  [OK]          Indication.Case                                          0   ...
  [OK]          Indication.Case                                          1   ...
  [OK]          Indication.Case                                          2   ...
  [OK]          Indication.Whitespace                                    0   ...
  [OK]          Indication.Whitespace                                    1   ...
  [OK]          Indication.Whitespace                                    2   ...
  [OK]          Indication.InnerCaret                                    0   ...
  [OK]          Indication.InnerCaret                                    1   ...
  [OK]          Indication.InnerCaret                                    2   ...
  [OK]          Indication.InnerCaret                                    3   ...
  [OK]          Indication.Complex                                       0   ...
  [OK]          Indication.Complex                                       1   ...
  [OK]          Indication.Complex                                       2   ...
  [OK]          Indication.Complex                                       3   ...
  [OK]          Indication.TypeArrow                                     0   ...
  [OK]          Indication.TypeArrow                                     1   ...
  [OK]          Indication.TypeArrow                                     2   ...
  [OK]          Indication.TypeArrow                                     3   ...
  [OK]          Indication.Semicolon                                     0   ...
  [OK]          Indication.Semicolon                                     1   ...
  [OK]          Indication.Semicolon                                     2   ...
  [OK]          Indication.InwardBias                                    0   ...
  [OK]          Indication.InwardBias                                    1   ...
  [OK]          Indication.InwardBias                                    2   ...
  [OK]          Indication.InwardBias                                    3   ...
  [OK]          Indication.InwardBias                                    4   ...
  [OK]          Indication.InwardBias                                    5   ...
  [OK]          Indication.InwardBias                                    6   ...
  [OK]          Indication.InwardBias                                    7   ...
  [OK]          Indication.InwardBias                                    8   ...
  [OK]          Indication.InwardBias                                    9   ...
  [OK]          Indication.InwardBias                                   10   ...
  [OK]          Indication.InwardBias                                   11   ...
  [OK]          Indication.InwardBias                                   12   ...
  [OK]          Indication.InwardBias                                   13   ...
  [OK]          Indication.InwardBias                                   14   ...
  [OK]          Indication.InwardBias                                   15   ...
  [OK]          Indication.InwardBias                                   16   ...
  [OK]          Indication.InwardBias                                   17   ...
  [OK]          Indication.InwardBias                                   18   ...
  [OK]          Indication.InwardBias                                   19   ...
  [OK]          VarHighlight                                             0   ...
  [OK]          VarHighlight                                             1   ...
  [OK]          VarHighlight                                             2   ...
  [OK]          VarHighlight                                             3   ...
  [OK]          VarHighlight                                             4   ...
  [OK]          VarHighlight                                             5   ...
  [OK]          VarHighlight                                             6   ...
  [OK]          VarHighlight                                             7   ...
  [OK]          VarHighlight                                             8   ...
  [OK]          VarHighlight                                             9   ...
  [OK]          VarHighlight                                            10   ...
  [OK]          VarHighlight                                            11   ...
  [OK]          VarHighlight                                            12   ...
  [OK]          VarHighlight                                            13   ...
  [OK]          VarHighlight                                            14   ...
  [OK]          GradingReport                                            0   ...
  [OK]          GradingReport                                            1   ...
  [OK]          GradingReport                                            2   ...
  [OK]          GradingReport                                            3   ...
  [OK]          GradingReport                                            4   ...
  [OK]          GradingReport                                            5   ...
  [OK]          GradingReport                                            6   ...
  [OK]          GradingReport                                            7   ...
  [OK]          GradingReport                                            8   ...
  [OK]          GradingReport                                            9   ...
  [OK]          GradingReport                                           10   ...
  [OK]          GradingReport                                           11   ...
  [OK]          GradingReport                                           12   ...
  [OK]          GradingReport                                           13   ...
  [OK]          Derivation                                               0   ...
  [OK]          Derivation                                               1   ...
  [OK]          Derivation                                               2   ...
  [OK]          Derivation                                               3   ...
  [OK]          Derivation                                               4   ...
  [OK]          Derivation                                               5   ...
  [OK]          Derivation                                               6   ...
  [OK]          Derivation                                               7   ...
  [OK]          Derivation                                               8   ...
  [OK]          Derivation                                               9   ...
  [OK]          Derivation                                              10   ...
  [OK]          Derivation                                              11   ...
  [OK]          Derivation                                              12   ...
  [OK]          Derivation                                              13   ...
  [OK]          Derivation                                              14   ...
  [OK]          Derivation                                              15   ...
  [OK]          Derivation                                              16   ...
  [OK]          Derivation                                              17   ...
  [OK]          Derivation                                              18   ...
  [OK]          Derivation                                              19   ...
  [OK]          Derivation                                              20   ...
  [OK]          Derivation                                              21   ...
  [OK]          Derivation                                              22   ...
  [OK]          Derivation                                              23   ...
  [OK]          Derivation                                              24   ...
  [OK]          Derivation                                              25   ...
  [OK]          Derivation                                              26   ...
  [OK]          Derivation                                              27   ...
  [OK]          Derivation                                              28   ...
  [OK]          Derivation                                              29   ...
  [OK]          Derivation                                              30   ...
  [OK]          Derivation                                              31   ...
  [OK]          Derivation                                              32   ...
  [OK]          Derivation                                              33   ...
  [OK]          Derivation                                              34   ...
  [OK]          Derivation                                              35   ...
  [OK]          Derivation                                              36   ...
  [OK]          Derivation                                              37   ...
  [OK]          Derivation                                              38   ...
  [OK]          Derivation                                              39   ...
  [OK]          Derivation                                              40   ...
  [OK]          Derivation                                              41   ...
  [OK]          DerivationCase                                           0   ...
  [OK]          DerivationCase                                           1   ...
  [OK]          DerivationCase                                           2   ...
  [OK]          DerivationCase                                           3   ...
  [OK]          DerivationCase                                           4   ...
  [OK]          DerivationCase                                           5   ...
  [OK]          DerivationCase                                           6   ...
  [OK]          DerivationCase                                           7   ...
  [OK]          DerivationCase                                           8   ...
  [OK]          DerivationCase                                           9   ...
  [OK]          DerivationCase                                          10   ...
  [OK]          DerivationCase                                          11   ...
  [OK]          DerivationCase                                          12   ...
  [OK]          DerivationCase                                          13   ...
  [OK]          DerivationCase                                          14   ...
  [OK]          DerivationCase                                          15   ...
  [OK]          DerivationCase                                          16   ...
  [OK]          DerivationCase                                          17   ...
  [OK]          DerivationCase                                          18   ...
  [OK]          DerivationCase                                          19   ...
  [OK]          DerivationCase                                          20   ...
  [OK]          DerivationCase                                          21   ...
  [OK]          DerivationCase                                          22   ...
  [OK]          PromptFactory                                            0   ...
  [OK]          PromptFactory                                            1   ...
  [OK]          PromptFactory                                            2   ...
  [OK]          PromptFactory                                            3   ...
  [OK]          PromptFactory                                            4   ...
  [OK]          PromptFactory                                            5   ...
  [OK]          PromptFactory                                            6   ...
  [SKIP]        ExplainThis                                              0   ...
  [OK]          SubEditor                                                0   ...
  [OK]          SubEditor                                                1   ...
  [OK]          SubEditor                                                2   ...
  [OK]          SubEditor                                                3   ...
  [OK]          SubEditor                                                4   ...
  [OK]          SubEditor                                                5   ...
  [OK]          SubEditor                                                6   ...
  [OK]          SubEditor                                                7   ...
  [OK]          SubEditor                                                8   ...
  [OK]          SubEditor                                                9   ...
  [OK]          SubEditor                                               10   ...
  [OK]          SubEditor                                               11   ...
  [OK]          SubEditor                                               12   ...
  [OK]          SubEditor                                               13   ...
  [OK]          SubEditor                                               14   ...

┌─────────────────────────────────────────────────────────────────────────────────────────────────────────────────────────────────────────┐
│ [FAIL]        WhitespaceNormalization                                  0   trailing linebreaks do not accumulate over chained edits.... │
└─────────────────────────────────────────────────────────────────────────────────────────────────────────────────────────────────────────┘
ASSERT at most one trailing linebreak
ASSERT chained insert_after spacing
FAIL chained insert_after spacing

   Expected: `let a = 1 in

let b = 2 in

let c = 3 in

let d = 4 in
 ?'
   Received: `let a = 1 in

let b = 2 in

let c = 3 in

let d = 4 in
  ?'
Logs saved to `~/git/hazel/stepper-statics-8/_build/_tests/HazelTests/WhitespaceNormalization.000.output'.
 ──────────────────────────────────────────────────────────────────────────────

Full test results in `~/git/hazel/stepper-statics-8/_build/_tests/HazelTests'.
12 failures! in 112.484s. 3950 tests run.
